0.085000,72.830002,71.239998,76.150002,129.139999,23.421627,22.054941,21.475409,21.052431
0.100000,99.629997,89.739998,35.230000,186.250000,21.987633,20.833639,20.395966,20.004520
0.674000,176.470001,199.919998,294.989990,492.929993,23.213728,22.206728,21.342346,16.202837
0.182000,265.279999,236.449997,154.179993,244.410004,21.183010,19.749964,19.242205,18.894831
0.141000,202.360001,147.460007,155.160004,178.940002,22.184114,20.935144,20.374069,19.989542
0.629000,269.049988,267.329987,180.520004,792.830017,22.186224,20.804352,20.133646,19.711229
0.183000,217.080002,228.460007,165.750000,640.349976,22.058401,20.786182,20.174459,19.741522
0.116000,371.130005,293.480011,190.850006,325.100006,20.964733,19.556522,19.002953,18.648708
0.113000,96.419998,32.459999,70.519997,192.380005,23.366173,21.941725,21.334835,20.895576
0.429000,78.680000,62.990002,50.680000,46.759998,25.943918,24.026682,22.801809,22.113066
0.158000,99.760002,116.510002,76.320000,528.530029,22.566099,21.547951,20.935465,20.664753
0.220000,206.210007,215.380005,162.169998,567.840027,21.620945,20.321125,19.811617,19.452208
3.606000,189.839996,153.429993,82.550003,54.689999,21.639528,20.034042,19.499607,19.175695
0.218000,652.969971,460.730011,370.839996,1513.540039,19.140923,18.308008,17.863541,17.565477
0.172000,119.709999,89.279999,69.809998,69.919998,22.949244,21.363079,20.705177,20.291986
0.155000,295.660004,250.869995,184.029999,843.570007,21.086472,19.932365,19.425091,19.071049
0.374000,159.500000,116.779999,133.240005,99.739998,24.016771,22.713562,21.752123,21.224514
0.098000,250.449997,170.229996,217.429993,1236.699951,19.891813,19.136417,18.770102,18.554976
0.128000,96.879997,71.059998,58.610001,67.400002,24.427864,23.097393,22.118746,21.632332
0.103000,177.089996,137.940002,104.629997,774.710022,17.568996,16.736465,20.079256,19.789833
0.176000,131.509995,120.500000,35.230000,224.429993,22.130455,20.821278,20.342615,19.984423
0.427000,2900.590088,3620.030029,4791.240234,8875.620117,17.822603,17.717947,17.312479,16.202837
0.109000,105.180000,84.199997,53.349998,67.720001,24.017103,23.097864,22.159824,21.575338
0.075000,20.299999,219.979996,355.859985,465.329987,23.858440,22.668657,21.580692,20.971430
0.181000,404.190002,278.109985,352.859985,2478.500000,19.305063,18.695990,18.393688,18.206440
0.169000,45.880001,32.459999,35.230000,213.119995,21.689695,20.949295,20.509220,20.338539
0.145000,119.550003,81.620003,77.690002,48.330002,25.503029,23.131966,21.878378,21.140779
0.216000,289.989990,255.300003,192.949997,1017.520020,20.464615,19.551819,19.134388,18.903212
0.075000,357.829987,274.769989,284.690002,1698.560059,20.394152,19.408089,18.843456,18.597712
0.122000,363.649994,249.149994,388.179993,1704.319946,19.517048,18.893522,18.657572,18.455530
0.212000,179.149994,179.410004,120.250000,794.809998,21.103130,20.247995,19.822023,19.581114
26.483999,89.339996,65.160004,65.800003,59.730000,24.375854,23.071959,22.038713,21.238474
0.322000,97.540001,63.000000,56.250000,51.290001,24.086466,16.736465,21.703249,21.141121
0.108000,132.250000,95.860001,103.449997,86.029999,24.910654,23.132414,21.889864,21.363649
4.240000,255.220001,350.739990,35.230000,629.890015,19.326744,19.123262,18.891933,18.925524
0.234000,78.419998,56.540001,56.299999,66.500000,25.235331,23.447758,22.569221,22.034483
2.764000,198.250000,164.300003,121.739998,83.040001,21.245319,19.744562,19.268076,18.976604
0.162000,109.669998,128.789993,147.039993,33.570000,23.583666,22.468273,21.948864,16.202837
0.148000,275.700012,191.020004,176.880005,921.500000,20.000856,19.278679,18.920059,18.703447
0.394000,256.130005,211.979996,139.279999,108.339996,21.404625,19.788736,19.241425,18.886435
0.849000,443.339996,419.929993,389.799988,432.329987,20.593573,19.260036,18.768808,18.448448
1.369000,218.809998,32.459999,331.040009,561.099976,22.108332,21.079311,16.467274,20.127806
0.156000,167.419998,163.899994,130.029999,350.179993,21.452898,20.332661,16.467274,19.625626
0.178000,116.680000,124.470001,71.660004,401.209991,17.568996,20.491831,20.121141,19.747927
0.093000,86.959999,71.440002,84.139999,103.510002,22.972429,21.701513,16.467274,20.680725
0.120000,544.650024,32.459999,396.570007,1416.760010,19.482489,18.565334,18.124702,17.841532
0.075000,81.010002,63.340000,48.990002,40.610001,23.871733,22.886003,21.785477,21.208948
0.172000,110.610001,98.059998,35.230000,65.559998,24.493551,23.371250,16.467274,21.692703
0.177000,325.329987,252.899994,35.230000,33.570000,19.847139,19.139875,18.813181,18.619011
0.163000,151.600006,157.309998,216.380005,286.230011,22.680916,21.454247,20.669943,20.495872
0.440000,73.949997,57.869999,35.230000,114.190002,23.915058,22.678663,22.081844,21.824427
0.127000,213.169998,135.589996,35.230000,83.610001,23.843647,22.083841,21.012569,20.506569
0.244000,199.440002,191.259995,166.320007,938.710022,21.199774,20.222433,19.722219,19.469748
1.283000,232.589996,150.470001,123.519997,68.480003,23.084879,21.269951,20.258392,19.798992
4.907000,125.639999,90.680000,73.290001,56.700001,25.402933,23.325953,22.057798,21.233896
1.348000,1233.670044,992.440002,1344.060059,9066.639648,18.904690,18.098028,17.611452,17.319180
0.173000,246.520004,349.339996,434.820007,612.489990,17.568996,20.405308,20.438133,20.368177
0.076000,142.690002,134.699997,106.000000,355.040009,21.630997,20.440042,19.953871,19.596907
0.243000,289.779999,256.230011,229.080002,416.130005,21.110918,19.862993,19.365379,19.010111
9.883000,74.769997,88.199997,102.500000,127.480003,22.808725,22.174574,22.047924,16.202837
0.164000,141.860001,32.459999,102.629997,79.650002,22.763559,21.625910,20.992702,20.671322
0.334000,220.470001,203.240005,155.000000,308.480011,22.281996,20.661516,19.979511,19.539713
0.100000,99.669998,89.279999,87.510002,136.839996,22.248493,21.248949,20.841686,20.454361
0.620000,162.610001,106.769997,100.589996,49.230000,24.789791,22.603228,21.338795,20.723230
0.157000,109.010002,84.019997,84.379997,71.760002,24.231367,22.771265,21.607265,20.883736
0.123000,164.589996,167.429993,112.970001,874.650024,21.185867,20.153219,16.467274,19.390385
0.195000,219.619995,218.639999,203.279999,571.469971,20.930267,19.911280,19.417597,19.143349
0.192000,266.239990,241.160004,199.500000,1274.579956,20.081772,19.407408,19.027824,16.202837
0.132000,158.949997,120.120003,141.809998,143.210007,23.550043,21.855518,21.007034,20.543407
0.124000,310.850006,243.199997,184.220001,1062.569946,20.680172,19.586622,19.066406,18.721891
0.116000,136.369995,124.190002,35.230000,227.729996,23.018318,21.572763,20.981436,20.513048
1.844000,2517.479980,1659.599976,1346.280029,1785.420044,17.568996,16.736465,16.467274,16.202837
0.274000,433.459991,332.730011,302.459991,1958.760010,20.008707,19.109398,18.685795,18.449402
0.109000,71.949997,77.620003,46.500000,262.399994,22.263483,21.345333,20.885118,20.584120
0.226000,266.540009,269.980011,35.230000,966.039978,20.355968,19.494862,18.933657,18.723530
0.162000,20.299999,86.440002,69.080002,68.190002,24.771807,23.385881,22.293924,21.511015
0.781000,236.179993,258.910004,326.149994,385.420013,20.474039,20.346724,20.074717,19.964804
0.488000,281.510010,169.770004,126.050003,84.440002,23.988924,21.876614,16.467274,20.007256
0.142000,320.739990,266.730011,197.440002,716.909973,20.732210,19.639051,19.154806,18.838055
0.144000,126.919998,91.129997,112.199997,105.370003,22.281906,21.310579,20.713011,16.202837
0.217000,278.459991,231.229996,260.320007,1777.250000,20.524666,19.712513,19.188669,18.923283
0.117000,288.959991,234.679993,188.509995,653.960022,20.410946,19.513527,19.098623,18.836452
0.075000,120.040001,113.989998,99.849998,244.850006,22.778557,21.457178,20.892849,20.459873
0.280000,152.149994,107.110001,80.760002,40.820000,24.957642,23.044769,21.804062,21.029882
0.076000,96.440002,68.800003,75.470001,95.629997,23.255259,21.958500,21.178280,20.853287
0.661000,135.919998,82.660004,62.970001,42.799999,23.925236,22.082113,20.949778,20.471462
0.320000,278.700012,286.679993,207.529999,1183.780029,20.157290,19.445910,19.043835,18.875534
0.134000,162.509995,123.089996,35.230000,131.660004,22.679449,16.736465,20.873262,20.563831
0.784000,109.029999,87.720001,116.349998,242.770004,25.033073,23.207556,22.008997,21.478521
0.170000,136.770004,146.850006,93.110001,325.799988,20.778763,19.977791,19.700886,19.380548
0.099000,58.689999,62.529999,72.199997,159.639999,24.019457,23.375191,22.723011,21.589350
0.121000,230.330002,202.949997,141.860001,585.260010,17.568996,20.166142,19.607649,19.206545
0.129000,87.919998,99.330002,77.510002,261.420013,21.232637,20.385851,20.136824,19.813053
0.104000,188.710007,173.139999,35.230000,297.130005,22.609890,21.023563,20.388317,19.903442
0.090000,78.190002,62.220001,72.800003,122.370003,23.274229,21.257915,20.825809,20.611349
0.118000,131.850006,113.430000,71.730003,86.239998,24.824865,23.644209,22.549809,21.627674
0.763000,486.890015,353.899994,517.419983,3929.290039,18.832073,18.308340,18.011757,17.871132
0.108000,95.150002,32.459999,198.020004,312.940002,20.591816,20.304855,20.159124,20.167610
0.075000,139.949997,106.300003,122.889999,103.410004,24.613865,23.110863,22.288504,21.974184
0.614000,822.830017,888.429993,1235.869995,4922.180176,19.567005,18.909460,18.430166,16.202837
0.238000,155.309998,197.759995,157.880005,1094.420044,20.778532,20.074249,16.467274,19.404436
0.075000,73.709999,51.759998,44.279999,49.290001,25.328375,23.296913,22.242260,21.747698
0.137000,250.800003,220.259995,184.850006,414.570007,21.788305,20.263428,16.467274,19.326372
0.375000,672.440002,511.350006,560.010010,3902.260010,20.054459,19.125044,18.636421,18.307667
0.202000,143.649994,181.979996,253.050003,383.940002,22.028067,20.671202,20.122124,19.841440
0.207000,89.430000,32.459999,70.599998,425.769989,21.981121,21.183702,20.763336,20.544907
0.113000,20.299999,133.889999,107.730003,206.070007,17.568996,20.592216,20.140770,19.816132
1.283000,107.309998,82.150002,71.150002,64.169998,20.854095,19.870756,19.411734,19.283653
0.393000,233.050003,236.050003,232.020004,701.140015,21.028055,19.882795,19.392710,19.105848
0.113000,152.809998,141.149994,120.580002,223.619995,21.828230,20.360764,19.948853,19.652884
0.161000,88.639999,90.959999,132.800003,98.000000,23.839760,22.605745,22.003031,21.584362
0.378000,209.940002,174.750000,197.080002,33.570000,21.399899,20.566551,19.967480,19.742189
0.075000,171.070007,168.000000,35.230000,430.880005,21.611576,20.487400,19.955727,19.664351
0.075000,886.619995,615.219971,376.010010,329.179993,19.447536,16.736465,17.945030,17.655029
0.225000,126.830002,104.410004,107.940002,170.330002,22.322569,20.737024,20.234076,19.875032
0.191000,106.139999,32.459999,94.570000,33.570000,21.181509,19.910099,19.682289,16.202837
0.201000,62.919998,60.980000,46.040001,33.570000,21.272392,20.595545,20.303745,20.170179
0.105000,114.169998,84.400002,84.459999,603.119995,21.450636,20.782335,20.358597,20.148691
0.208000,113.120003,130.630005,90.889999,400.059998,21.869593,20.952539,20.514315,20.079533
0.134000,110.510002,124.160004,117.830002,260.679993,21.218319,20.323000,16.467274,19.759371
0.369000,20.299999,191.660004,35.230000,899.080017,20.870203,19.840780,19.520063,19.269125
0.186000,126.709999,154.309998,187.419998,257.220001,20.256594,20.087055,16.467274,19.845734
0.182000,187.779999,143.470001,141.399994,875.299988,20.457720,19.761475,19.431967,19.239599
1.516000,100.669998,64.680000,73.940002,43.790001,22.865269,21.796278,21.046644,20.691721
0.986000,329.100006,407.329987,35.230000,1091.619995,21.433023,20.100662,19.795784,19.265400
0.319000,214.720001,176.309998,143.190002,609.429993,20.971069,19.943953,16.467274,19.116251
0.643000,427.390015,304.179993,187.889999,173.550003,19.748240,16.736465,18.196745,17.909130
0.172000,209.490005,198.270004,118.180000,403.089996,22.608240,21.023140,20.359783,19.956274
1.645000,130.300003,86.639999,86.349998,51.580002,23.878050,22.046421,20.912912,20.485998
0.209000,20.299999,105.239998,90.639999,624.489990,20.811081,20.318933,19.985287,19.876453
0.075000,476.500000,468.619995,351.390015,1346.660034,22.030788,20.492496,19.703035,19.222542
0.110000,119.470001,82.080002,82.279999,56.830002,24.221899,22.670177,21.586237,21.072208
0.111000,210.860001,156.050003,180.350006,1153.050049,21.190586,20.321281,19.882288,16.202837
0.141000,383.260010,299.910004,35.230000,1245.739990,19.957294,19.075092,18.641312,18.352663
0.096000,53.990002,52.150002,70.330002,80.190002,21.782198,21.040918,20.441917,20.534178
0.687000,373.140015,302.209991,204.300003,33.570000,20.156811,19.186695,18.746168,18.470671
0.114000,77.769997,77.489998,92.320000,154.270004,21.318350,16.736465,20.693853,20.578529
0.138000,251.009995,187.679993,175.360001,797.809998,20.406706,19.502844,19.065617,18.753973
0.088000,20.299999,105.300003,70.709999,195.830002,22.961931,21.648415,21.014652,20.592081
0.260000,61.740002,45.660000,47.860001,60.700001,17.568996,23.081810,22.101242,21.707075
0.203000,139.880005,139.990005,35.230000,809.690002,20.656279,19.905357,19.497030,19.398346
0.147000,20.299999,189.960007,150.979996,588.390015,20.977575,19.858404,19.366976,19.039984
0.075000,20.299999,63.320000,68.739998,53.180000,24.920464,16.736465,22.146111,21.600649
0.102000,102.650002,76.739998,94.940002,88.110001,22.706081,21.585611,21.028229,20.692072
0.165000,124.250000,121.120003,108.980003,313.010010,22.778955,21.272747,20.668493,20.217966
0.102000,117.529999,118.519997,84.820000,246.809998,21.986935,20.845856,20.419331,20.046112
0.135000,282.760010,208.679993,226.339996,1207.660034,21.427067,20.390562,19.839878,19.492506
0.239000,215.720001,200.050003,183.690002,1494.250000,17.568996,19.721128,19.195320,19.068830
0.144000,153.139999,137.649994,108.239998,701.030029,21.709255,16.736465,20.077240,19.745018
0.566000,125.099998,98.959999,78.430000,53.650002,26.402912,23.950920,22.694357,21.648527
0.138000,230.470001,218.880005,162.750000,674.070007,20.686104,19.684887,19.227976,18.987949
0.084000,200.979996,188.419998,181.210007,453.269989,17.568996,20.097467,19.623089,19.323071
2.114000,204.279999,118.629997,124.250000,63.590000,23.470169,21.575676,20.456135,20.024014
0.172000,114.550003,97.919998,97.989998,148.350006,23.613850,22.059830,21.414038,20.989435
0.171000,245.289993,202.250000,164.139999,238.009995,21.812162,20.423038,19.909372,19.504675
11.696000,91.809998,110.750000,145.630005,222.289993,19.981480,19.932524,19.631880,19.556221
0.160000,217.779999,213.660004,162.399994,874.809998,21.190094,20.116207,19.599392,19.317368
0.096000,20.299999,45.290001,35.230000,154.919998,20.579880,20.235157,20.018961,20.083138
0.075000,742.039978,527.940002,819.799988,6024.140137,17.568996,18.591236,18.283354,18.104044
0.107000,233.820007,32.459999,150.119995,826.719971,21.180880,20.100645,19.582762,19.249836
0.075000,273.380005,203.419998,113.010002,89.809998,20.719423,19.326422,18.896322,18.574047
1.200000,455.959991,338.190002,534.280029,4174.330078,19.519659,19.089571,18.756699,18.675083
0.161000,93.059998,62.040001,82.110001,33.570000,22.292881,21.393457,20.862673,20.589983
0.176000,63.810001,72.459999,63.779999,302.839996,22.980686,21.835398,21.316729,20.858978
0.186000,20.299999,153.889999,117.199997,611.719971,22.002066,20.870203,20.277758,19.935392
0.632000,343.239990,352.459991,266.799988,1048.069946,20.834190,19.775534,19.349092,19.016918
0.087000,133.899994,107.669998,93.570000,33.570000,20.828505,20.192312,19.761698,19.533829
0.122000,196.809998,132.929993,258.000000,818.289978,19.574520,19.146944,18.995564,18.866255
0.528000,194.509995,150.419998,96.709999,87.209999,21.695522,20.029089,19.445093,19.111557
3.209000,253.860001,220.880005,141.580002,108.629997,21.331146,19.694944,19.125656,18.828817
0.075000,92.669998,104.940002,74.120003,75.900002,17.568996,23.943838,23.120819,22.458033
0.111000,85.500000,92.379997,79.610001,240.639999,23.136621,21.615934,21.055702,20.578241
0.399000,206.020004,229.149994,171.169998,740.340027,20.497900,19.681820,19.373938,18.995937
0.171000,91.959999,175.570007,319.470001,530.559998,17.568996,20.198092,20.088451,20.079260
0.132000,150.940002,143.559998,35.230000,229.720001,21.842365,20.621624,20.112417,19.789293
0.089000,98.570000,77.930000,35.230000,235.929993,19.998026,19.700436,19.566854,19.454641
0.281000,107.379997,77.660004,76.599998,122.589996,23.264952,21.778408,21.255400,20.860367
0.105000,123.070000,82.529999,62.029999,54.040001,24.907938,22.999664,21.639143,20.984379
0.131000,88.279999,86.720001,35.230000,162.210007,23.781355,22.509851,22.016396,21.625635
0.302000,78.879997,97.830002,97.000000,351.500000,21.905977,16.736465,20.747377,20.402845
0.190000,195.470001,144.619995,152.240005,1134.040039,20.867208,20.231796,19.823372,19.605112
0.087000,162.669998,141.380005,94.959999,75.339996,17.568996,20.136892,19.602674,19.319460
0.320000,490.149994,346.750000,435.529999,2338.570068,20.203094,19.286507,18.818615,18.471231
0.075000,227.240005,250.850006,450.420013,941.799988,22.227945,20.955406,16.467274,20.064518
0.131000,139.279999,120.129997,122.309998,157.399994,22.940578,21.875364,20.980270,20.601194
0.119000,20.299999,175.830002,134.339996,479.549988,21.156097,20.171644,19.724361,19.463223
0.146000,96.129997,109.889999,101.059998,406.720001,22.736679,21.694675,21.051928,20.679771
0.244000,193.820007,150.720001,129.979996,861.609985,20.569328,19.851131,16.467274,19.289974
0.411000,178.600006,184.740005,218.880005,234.320007,22.949732,21.754715,16.467274,20.799137
0.086000,132.949997,106.500000,99.239998,642.849976,21.653591,20.893850,20.433193,20.167164
0.246000,205.960007,166.970001,226.070007,429.390015,22.973045,21.341690,20.420490,20.031723
0.312000,529.280029,344.880005,312.070007,1051.770020,17.568996,18.399342,18.021755,17.781216
3.107000,2246.879883,1585.719971,3149.379883,13738.309570,18.134161,17.279383,16.927752,16.612785
11.618000,213.770004,130.839996,35.230000,58.750000,23.634890,21.696365,20.536024,20.079090
1.587000,61.900002,171.910004,418.299988,1008.460022,23.298649,23.058920,16.467274,22.056700
0.222000,136.149994,152.470001,105.610001,744.210022,21.208427,20.398886,19.948326,19.736572
0.847000,355.079987,287.070007,178.520004,95.769997,20.705517,19.285404,18.773285,18.472607
0.242000,69.370003,57.740002,64.440002,58.919998,24.166281,22.984039,22.140352,21.637873
0.205000,142.360001,32.459999,134.899994,1037.900024,21.551752,20.496983,19.855402,16.202837
0.085000,103.680000,90.059998,107.099998,87.190002,21.956423,21.642256,21.222204,20.904099
0.204000,276.769989,208.070007,35.230000,1464.000000,20.242760,19.525156,19.123133,18.919706
0.182000,59.139999,44.630001,45.910000,63.150002,23.853197,22.730825,22.119804,21.837543
0.422000,70.800003,55.430000,59.439999,166.610001,23.833981,22.466124,21.670732,21.309940
0.205000,249.929993,230.550003,179.679993,1055.319946,20.409866,19.561974,19.130823,18.892698
0.316000,258.220001,229.800003,166.410004,972.070007,21.076178,20.164732,19.663464,19.429504
0.690000,413.809998,293.239990,232.520004,582.450012,21.226765,20.157883,19.631943,19.298466
0.140000,212.169998,131.039993,110.040001,67.139999,23.530977,21.912807,16.467274,20.195143
0.075000,211.850006,221.679993,186.020004,687.200012,22.342657,20.882872,20.232882,19.771549
0.269000,141.619995,32.459999,144.750000,177.410004,23.372299,22.228239,21.646267,21.203938
0.273000,20.299999,250.770004,201.279999,1005.359985,21.000164,19.916079,19.397499,19.096048
0.082000,330.540009,280.609985,183.559998,607.659973,21.450386,20.123327,19.511028,19.127945
0.160000,263.670013,315.279999,365.320007,954.219971,21.159336,20.071589,19.589748,19.279846
0.109000,231.899994,167.580002,202.539993,1266.520020,20.209145,19.586870,19.219709,19.025553
0.075000,175.169998,123.370003,123.209999,998.640015,20.069210,19.550516,19.263161,19.129372
0.132000,359.019989,366.799988,429.540009,942.059998,21.591814,20.136078,19.505875,19.134907
0.117000,95.730003,70.250000,35.230000,78.809998,23.759241,22.862549,22.123552,21.750439
0.075000,157.050003,162.330002,130.899994,784.229980,22.451330,16.736465,20.478788,20.074312
0.269000,20.299999,141.220001,100.110001,89.989998,20.877905,19.673887,19.246794,18.975950
0.125000,114.550003,109.650002,72.970001,33.570000,21.979788,20.794195,20.366570,20.008595
0.175000,94.129997,174.880005,264.410004,434.390015,22.681683,22.408007,21.835941,21.459684
0.153000,30.750000,40.480000,53.900002,146.979996,17.568996,23.353899,22.864780,22.373528
0.302000,127.540001,124.269997,336.640015,2278.419922,20.603243,20.272259,19.997776,19.932924
0.663000,285.260010,293.809998,428.119995,2142.389893,18.965569,18.775358,18.480978,18.719337
0.509000,482.290009,354.260010,405.459991,3500.169922,19.331568,18.730539,18.348101,18.178513
0.256000,346.170013,272.420013,207.470001,339.859985,19.731104,18.731405,18.343643,18.080050
0.265000,54.009998,85.010002,154.809998,239.990005,22.019733,16.736465,21.185242,21.187519
0.204000,590.599976,844.159973,1212.869995,1770.130005,18.979412,18.512989,18.378410,18.321785
0.154000,159.580002,158.460007,121.300003,792.280029,21.487936,20.602488,20.164362,19.899908
0.075000,143.669998,102.099998,35.230000,835.799988,19.738323,19.309038,19.107002,18.968702
0.075000,190.419998,32.459999,182.949997,515.669983,21.208057,20.004807,19.512342,19.264540
23.584000,386.640015,316.290009,206.199997,128.949997,21.156033,19.461069,18.878330,18.571609
0.097000,20.299999,66.660004,65.160004,111.900002,22.091887,21.049351,16.467274,20.314198
0.105000,113.480003,84.160004,122.230003,104.410004,23.621233,16.736465,21.779354,21.387903
0.084000,221.630005,161.949997,143.669998,564.609985,20.567640,19.731560,19.336720,19.086205
0.267000,140.919998,111.220001,134.210007,375.690002,18.634161,18.637074,18.810844,18.722239
0.109000,83.709999,64.180000,68.110001,92.269997,22.667725,21.654526,21.180910,20.859062
0.213000,142.979996,106.430000,132.880005,137.529999,23.226658,21.933453,21.268106,20.846508
0.250000,358.989990,339.230011,369.019989,1011.219971,21.074427,19.769949,19.164591,18.796978
0.187000,251.240005,164.169998,35.230000,149.669998,22.009380,20.852011,16.467274,19.828367
0.567000,98.830002,65.050003,51.770000,35.770000,25.025684,16.736465,21.617863,20.994293
0.248000,331.079987,270.700012,172.020004,126.970001,21.108206,19.475752,18.923595,18.619926
0.131000,218.250000,193.679993,132.210007,273.980011,21.478151,20.223728,19.759203,19.473919
0.270000,199.880005,198.169998,148.399994,1105.729980,20.918245,20.135176,19.731297,16.202837
0.464000,126.220001,121.699997,123.459999,211.449997,23.517979,16.736465,21.223814,20.759758
0.260000,123.730003,80.739998,54.840000,46.919998,23.483429,21.724136,20.788965,16.202837
0.075000,161.020004,32.459999,115.949997,504.390015,22.743576,21.510899,20.943924,20.540724
0.161000,186.660004,184.740005,162.919998,336.239990,22.217878,20.964712,20.462042,20.068911
0.147000,112.889999,104.639999,81.980003,211.119995,22.924837,21.511736,20.973213,20.523766
0.268000,271.529999,245.589996,182.389999,508.910004,21.368927,20.100319,19.540508,19.215157
0.123000,182.119995,116.970001,115.050003,73.040001,23.519981,21.767189,20.688028,20.207649
0.358000,789.669983,574.929993,569.359985,3457.120117,19.881781,18.905067,18.389185,18.051073
0.156000,151.089996,165.130005,122.080002,497.799988,21.707369,20.562283,19.998091,19.572958
0.177000,202.509995,193.080002,175.309998,459.690002,20.709345,19.759268,16.467274,19.132919
0.168000,20.299999,103.599998,87.940002,48.980000,23.495199,22.049368,20.997974,16.202837
0.155000,170.070007,114.529999,79.169998,77.680000,23.115969,22.074549,21.112425,20.633797
0.075000,146.570007,182.300003,228.210007,307.079987,21.986263,20.703308,20.195183,19.908148
0.228000,335.230011,242.139999,172.610001,173.750000,20.400496,19.155977,16.467274,18.251677
0.485000,1162.229980,781.820007,544.000000,517.479980,18.533918,17.509031,17.039963,16.744581
0.088000,102.849998,106.919998,97.809998,468.179993,22.111540,16.736465,20.588398,20.255562
0.135000,104.199997,74.639999,79.610001,33.570000,24.310337,22.730919,21.906137,21.464064
0.242000,48.060001,33.400002,67.589996,112.680000,23.787428,16.736465,21.476627,21.127216
0.095000,59.480000,42.080002,50.130001,74.050003,23.718002,22.293148,21.279192,21.124180
0.127000,65.169998,46.740002,63.240002,68.550003,23.600946,22.452324,21.846886,21.502932
0.304000,20.299999,209.720001,158.149994,670.820007,22.289680,21.129448,20.585165,20.136087
0.295000,192.490005,225.470001,175.630005,1029.680054,21.026754,20.237268,19.732971,19.585114
0.114000,152.270004,131.320007,108.519997,843.080017,20.614487,19.888948,19.465435,19.289516
0.598000,211.240005,163.860001,35.230000,58.220001,20.883852,19.456242,18.967739,18.654188
0.134000,154.300003,150.460007,142.130005,850.510010,20.429131,16.736465,19.363499,19.249708
0.140000,112.379997,77.349998,35.230000,93.180000,22.689678,21.759949,21.234356,20.951544
0.157000,20.299999,32.459999,139.899994,212.190002,21.664042,20.881800,20.425104,20.149727
30.469999,154.020004,100.489998,57.950001,67.430000,24.774839,16.736465,21.724804,20.867516
1.686000,381.809998,409.019989,347.230011,1948.680054,20.865704,19.845604,19.384392,19.124733
0.429000,102.779999,86.190002,70.279999,54.369999,22.131159,20.658884,20.110081,19.810978
0.257000,176.789993,118.180000,35.230000,128.399994,21.987545,16.736465,19.898899,19.656952
0.075000,448.839996,724.549988,1164.050049,2681.399902,20.339344,19.362436,18.947090,18.785685
0.169000,280.880005,214.399994,195.699997,1357.560059,20.596058,19.755419,19.277330,19.003296
0.132000,154.110001,32.459999,102.930000,75.809998,22.726515,21.790607,20.996698,16.202837
0.161000,270.380005,189.550003,208.130005,910.340027,19.260429,18.724957,18.473904,18.304708
0.109000,129.190002,130.259995,104.629997,323.929993,22.509275,21.204388,20.659678,20.195478
0.161000,95.190002,104.419998,80.910004,472.279999,21.770449,20.704344,20.268576,19.965389
0.351000,165.389999,151.639999,148.000000,232.580002,23.007385,22.131180,21.351748,20.777163
0.192000,124.820000,139.300003,99.410004,621.250000,20.738609,19.992786,19.611595,19.438698
0.208000,361.309998,310.040009,318.700012,1316.079956,20.901455,19.709581,16.467274,18.817312
0.239000,184.080002,149.750000,164.160004,235.399994,23.152838,21.482763,20.884525,20.427387
0.114000,192.779999,175.470001,167.300003,575.659973,21.860689,20.644339,20.090633,19.722692
2.026000,267.829987,162.169998,133.550003,92.639999,23.177576,21.360937,16.467274,19.864166
0.215000,105.330002,115.120003,162.380005,284.149994,23.680676,22.438227,21.377327,20.945864
0.095000,127.050003,102.129997,57.860001,81.949997,24.118074,23.010389,22.061815,21.357241
0.404000,71.050003,107.150002,162.029999,252.330002,21.976236,21.529327,21.088688,20.958614
0.313000,59.939999,47.200001,35.230000,44.169998,25.317184,23.892248,22.760828,22.264969
0.943000,119.070000,88.080002,130.889999,65.730003,23.112589,21.727095,21.015596,20.514471
0.167000,212.070007,200.429993,140.089996,1022.520020,21.147892,20.165726,19.645311,19.361181
0.133000,142.520004,116.779999,102.150002,747.989990,20.053837,19.576834,19.308905,19.214952
3.719000,229.130005,140.830002,134.460007,79.410004,23.532782,21.833620,20.672646,20.204634
0.240000,226.139999,171.309998,148.800003,886.739990,19.527262,19.103737,16.467274,18.782259
0.206000,362.279999,32.459999,243.860001,1436.280029,21.041002,20.011190,19.478180,19.108145
0.312000,20.299999,235.889999,184.699997,768.799988,22.419201,21.022291,20.354527,19.862082
0.120000,77.510002,58.590000,52.680000,91.389999,23.162458,22.301476,16.467274,21.181080
1.242000,330.369995,403.850006,516.700012,1849.849976,21.393326,20.144188,19.539431,19.235121
3.062000,40.450001,58.419998,62.169998,92.129997,22.761333,22.450462,22.076965,22.036455
0.117000,146.789993,32.459999,114.650002,33.570000,22.685917,21.255117,16.467274,20.219051
0.111000,72.389999,60.439999,55.040001,33.570000,23.637388,22.876160,21.982485,21.522886
0.086000,140.820007,106.199997,112.180000,132.250000,22.862240,21.399128,20.755199,20.334028
0.216000,168.850006,162.529999,123.720001,748.929993,21.157948,20.221373,19.767601,19.535336
0.092000,121.510002,131.940002,109.209999,403.410004,21.826056,20.794334,20.341463,19.937803
0.458000,462.480011,418.279999,492.679993,2715.550049,19.585203,18.943487,18.515303,16.202837
0.105000,85.449997,32.459999,69.510002,197.199997,17.568996,21.304802,20.785734,20.349102
0.355000,813.469971,535.190002,370.179993,33.570000,18.905699,17.893652,17.481785,17.171175
0.095000,32.290001,44.509998,63.639999,148.360001,23.951071,22.643335,16.467274,21.572683
0.335000,238.610001,194.169998,121.959999,33.570000,22.753805,19.592958,19.167372,18.859985
0.476000,382.149994,265.880005,346.500000,2296.489990,19.188248,18.764204,18.519133,18.390572
0.122000,178.130005,139.970001,127.339996,1249.060059,19.639420,19.208561,18.905899,18.835215
0.118000,20.299999,32.459999,47.630001,33.570000,23.207052,22.725294,16.467274,21.999767
0.086000,137.639999,125.730003,89.059998,348.140015,21.488985,20.590084,20.169334,19.943983
0.127000,192.130005,176.880005,136.009995,586.609985,20.531610,16.736465,19.221474,19.017891
0.109000,95.449997,95.169998,35.230000,217.470001,21.706604,20.746752,20.390190,20.065973
0.075000,31.940001,47.060001,96.089996,151.899994,21.505342,21.228508,21.198719,21.004978
0.126000,20.299999,52.930000,44.840000,74.889999,24.493809,23.913687,23.285576,22.805317
0.121000,113.400002,93.860001,71.199997,45.889999,22.041431,20.473843,19.863485,19.556850
0.381000,167.139999,32.459999,35.230000,105.150002,22.093040,20.438015,19.862833,19.514496
1.419000,20.299999,193.240005,203.539993,202.759995,22.366934,16.736465,20.473478,20.099943
0.198000,116.370003,134.300003,172.009995,235.669998,21.087843,20.906767,20.881071,20.673098
0.112000,66.349998,59.099998,52.480000,105.570000,23.819317,22.118717,21.446396,20.986414
0.106000,135.779999,81.849998,36.490002,42.160000,24.246717,22.261099,21.057646,20.558062
0.110000,155.229996,146.509995,96.599998,33.570000,22.102863,20.788092,20.321091,19.923677
0.113000,186.759995,150.550003,119.129997,62.169998,21.999964,20.285490,19.665010,19.336958
0.204000,229.889999,191.539993,149.880005,1017.150024,21.654995,20.789303,20.326775,19.984610
0.210000,107.519997,72.760002,65.209999,56.259998,24.195892,22.721561,21.640652,21.117460
0.601000,576.419983,895.900024,1321.140015,2000.439941,23.328543,21.499809,20.445961,19.904701
0.348000,166.690002,125.889999,35.230000,115.290001,22.199848,20.911049,20.369392,16.202837
0.468000,189.710007,196.080002,201.089996,323.540009,21.556793,20.325909,19.780567,16.202837
0.363000,139.309998,96.070000,88.330002,33.570000,23.669962,21.961226,20.920673,20.502682
2.960000,123.769997,92.309998,62.150002,51.970001,22.656565,21.015423,20.353189,20.009310
0.146000,133.059998,129.440002,100.459999,33.570000,22.398470,21.197556,20.636942,20.235212
0.104000,288.290009,248.320007,146.410004,166.050003,21.893549,20.159437,19.551317,19.073387
0.263000,279.079987,190.949997,234.070007,1578.780029,20.106859,19.423336,19.093361,18.873236
0.093000,167.600006,125.309998,35.230000,96.269997,24.579617,23.199579,22.048904,21.434662
0.531000,161.940002,198.690002,199.580002,711.080017,21.003340,20.195051,20.042377,19.446316
0.135000,105.440002,140.460007,239.789993,413.959991,19.490398,19.426460,19.413355,19.261318
0.213000,190.820007,139.029999,141.559998,64.419998,22.298409,20.569458,19.942516,19.573393
0.327000,309.450012,329.890015,333.470001,784.070007,21.400513,20.221766,19.764858,19.427969
0.127000,134.919998,91.500000,73.370003,89.360001,23.721432,22.214621,21.149826,20.696899
0.114000,122.209999,119.830002,79.260002,554.349976,22.027580,20.845324,20.303371,20.003298
0.166000,71.419998,32.459999,71.540001,129.529999,25.030704,24.145861,23.279646,22.273357
0.404000,368.859985,308.720001,225.470001,212.929993,21.898653,20.057741,19.429251,19.093477
0.102000,85.510002,72.610001,49.709999,133.839996,24.287785,22.508648,21.842802,21.257139
0.555000,929.969971,32.459999,594.039978,2864.750000,19.583765,18.676800,18.107447,17.846956
0.212000,211.550003,150.729996,150.869995,115.690002,23.551374,16.736465,20.876432,20.353987
0.121000,182.039993,148.050003,119.959999,173.339996,23.662104,21.585289,16.467274,20.574219
