0.248000,152.838776,189.289993,156.429993,919.388428,20.648409,19.866974,19.453789,19.246918
0.132000,158.949997,120.120003,141.809998,143.210007,23.550043,21.824245,21.007034,20.543407
-0.175217,113.879997,76.676834,58.279999,141.429993,21.653082,20.487185,20.070580,19.750401
0.714000,212.533218,223.960007,329.510010,469.149994,20.280649,19.735571,19.493206,19.506481
0.155000,203.350006,140.149994,184.429993,580.419983,19.506426,19.116764,18.820402,18.783695
0.118000,162.509995,136.729996,116.370003,180.899994,23.409912,21.666925,20.897932,20.563816
0.458000,1130.452759,418.279999,492.679993,2243.890869,19.585203,18.943487,18.153526,17.992420
0.555000,929.969971,704.739990,648.578735,2864.750000,19.583765,18.676800,18.153526,17.846956
0.101000,81.010002,63.340000,48.990002,40.610001,23.871733,22.886003,21.785477,21.825256
0.141000,202.360001,147.460007,155.160004,284.629395,22.184114,20.935144,20.374069,19.989542
0.157000,164.479996,127.239998,139.899994,460.654083,21.664042,20.743483,20.425104,20.149727
0.144000,126.919998,91.129997,112.199997,105.370003,22.557663,21.310579,20.713011,20.327873
0.154000,159.580002,158.460007,163.845062,792.280029,21.487936,20.602488,20.178074,19.899908
0.433000,169.240784,197.500000,174.270004,1386.380005,19.837517,19.283907,18.941946,18.813602
0.138000,200.259995,145.820007,126.322906,94.639999,22.972540,21.155970,20.525951,20.103582
0.138000,227.449997,203.009995,127.470001,413.220001,20.812790,19.651163,19.210281,18.942743
3.048000,824.179993,714.054199,868.349976,2640.409912,19.510733,18.578938,18.132322,17.909454
0.374000,159.500000,88.908798,133.240005,99.739998,24.016771,22.713562,21.752123,21.224514
0.920260,672.440002,511.350006,599.070374,2771.324707,20.054459,19.125044,18.636421,18.307667
0.009054,152.716949,106.199997,112.180000,135.206268,22.783651,21.399128,20.755199,20.317160
0.214000,285.720001,266.649994,183.830002,838.179993,21.257481,19.958553,19.372356,19.071735
0.086000,132.949997,106.500000,140.783936,642.849976,21.653591,20.747095,20.438559,20.167164
-0.368891,133.595200,97.620003,102.629997,205.820435,22.763559,21.625910,20.992702,20.671322
0.471997,189.490005,140.293228,158.149994,670.820007,22.532236,21.129448,20.585165,20.136087
0.464000,171.354080,121.699997,123.459999,138.842896,23.517979,21.830627,21.223814,20.692688
1.647000,114.007668,110.809998,109.069397,78.010002,22.793364,21.105671,20.308420,19.951687
0.082000,137.000000,132.238678,91.410004,623.559998,20.833971,20.078794,19.777636,19.440868
0.571000,3479.080078,3804.870117,648.578735,7072.819824,18.676039,18.389772,18.153526,17.868402
-0.256324,187.309998,124.115952,117.845581,38.547436,23.858440,22.668657,22.037483,21.821754
0.143000,196.785583,131.913818,234.580002,1232.273438,20.073492,19.085443,19.098391,18.991041
0.085000,103.680000,90.059998,107.099998,155.600571,21.956423,21.328733,21.126732,20.904099
2.425440,71.779999,68.370003,43.639999,60.689999,23.803226,22.100952,21.190630,21.050980
1.298000,356.079987,391.790009,319.489990,1642.329956,20.075386,19.256643,19.020559,18.894997
0.113000,96.419998,88.339996,70.519997,192.380005,23.477242,21.941725,21.334835,20.731455
0.341000,167.759995,137.690002,88.190002,76.260002,22.806858,21.206684,20.468313,20.013588
0.558001,264.239990,247.410004,177.149994,209.777939,21.949781,20.533802,19.866358,19.457026
0.250000,186.770004,131.050003,109.970001,220.762360,22.804237,20.936815,20.129808,19.743225
0.269000,117.762459,109.410004,144.750000,177.410004,23.372299,22.393986,21.646267,20.937748
0.171000,245.289993,215.532639,164.139999,238.009995,21.812162,20.483692,19.909372,19.504675
-0.099943,101.419998,94.059998,90.080841,177.970001,21.346136,20.431885,20.173368,19.926710
0.885000,501.950012,514.299988,925.067383,3239.923828,19.703754,19.067877,18.626942,18.497429
-0.116630,104.769997,79.010002,73.879997,349.019989,21.021036,20.435987,20.050039,19.875229
-0.026840,157.538315,79.889999,58.160000,154.050003,21.880384,20.815399,20.363894,20.035807
0.148000,275.700012,191.020004,174.674896,921.500000,20.000856,19.278679,18.927853,18.703447
0.105000,167.160004,113.629997,105.981544,89.250000,23.136189,21.519278,20.775106,20.374964
0.093000,86.959999,71.440002,84.139999,103.510002,22.698856,21.701513,21.039164,20.680725
0.132000,150.940002,132.027145,125.899399,229.720001,21.824203,20.492064,20.112417,19.789293
0.102000,102.650002,81.957443,94.940002,88.110001,22.706081,21.585611,21.028229,20.692072
0.163000,124.476311,123.023590,108.189560,286.230011,22.680916,21.287271,20.669943,20.495872
0.125000,152.824539,171.580002,109.082603,437.526276,21.346115,20.176622,19.798428,19.509851
0.242000,48.060001,53.385719,67.589996,112.680000,23.787428,22.136122,21.144802,21.127216
0.981516,88.940422,85.070000,69.510002,197.199997,21.981466,21.224657,20.785734,20.349102
0.126342,262.600006,238.139999,154.500000,509.940002,20.915577,19.759327,19.186100,18.921015
0.113000,244.600006,200.298813,148.763290,253.080002,21.584656,20.134838,19.549404,19.181421
0.205000,203.710007,211.289993,147.350006,674.900024,21.671326,20.559128,20.094454,19.701141
0.201000,62.919998,60.980000,46.040001,159.570007,21.524380,20.595545,20.303745,20.170179
0.180000,126.150002,128.160004,94.849075,342.290009,21.518814,20.574081,20.205824,19.802979
0.111000,72.389999,60.439999,52.509987,33.570000,23.637388,22.876160,21.982485,21.785194
0.076000,96.440002,78.052315,63.702465,95.629997,23.255259,21.958500,20.990902,20.643145
0.342357,321.640015,229.669998,144.314468,140.229996,20.818888,19.395782,18.858316,18.561703
0.505000,1130.452759,424.450012,502.109985,3276.330078,19.095625,18.445299,18.136696,17.938154
0.297752,182.880219,153.094147,108.239998,701.030029,21.709255,20.537071,20.077240,19.745018
0.374608,185.366150,197.149994,177.089996,698.828857,21.599760,20.445862,19.906403,19.589504
-0.132123,204.128769,148.050003,119.959999,173.339996,23.662104,21.585289,20.915264,20.574219
0.378000,174.391724,187.881577,197.080002,877.494873,21.399899,20.566551,20.067081,19.742189
0.155000,100.459068,71.350739,64.815178,77.680000,23.410221,22.074549,21.112425,20.633797
0.157000,152.785965,279.950012,236.344818,1606.290039,20.879040,19.861673,19.356464,18.992283
0.298582,245.866074,205.691086,109.269997,102.300003,22.721041,21.430227,20.704544,20.321314
0.390908,178.758881,189.919998,168.899994,749.010010,21.019661,20.151493,19.760347,19.377897
0.169000,69.324364,60.076130,35.230000,213.119995,21.689695,20.949295,20.585146,20.334160
0.102000,353.959991,586.067139,864.229980,3214.861084,18.741367,18.640305,18.417936,18.477009
0.355000,145.153595,134.630005,130.559998,515.320007,23.205139,21.724174,20.970467,20.605562
2.465000,224.080002,147.160004,132.630005,46.380001,22.992842,21.099117,20.124132,19.741537
0.627000,846.187927,369.700012,561.580017,4182.990234,19.036488,18.492619,18.184475,18.038647
0.096000,238.179520,233.676224,206.031845,223.029999,20.639233,19.697977,19.189432,18.886774
0.177000,126.809998,122.589996,76.699997,256.320007,21.386730,20.411301,19.989300,19.705185
0.028553,130.949997,-37.846699,86.010002,318.618774,20.678169,20.042263,19.672432,19.352388
0.234416,91.809998,110.750000,89.881561,222.289993,21.035725,19.932524,19.830444,19.556221
0.295000,192.490005,197.682953,175.630005,1029.680054,21.026754,20.237268,19.732971,19.585114
0.261000,216.660004,236.679993,377.369995,666.109985,24.099949,22.569931,21.323395,21.148687
1.140000,135.539993,118.800003,115.383095,51.169998,21.903711,20.366299,19.836498,19.496214
1.859000,119.841904,92.389999,92.432045,93.260315,23.052549,21.573721,20.834120,20.365194
0.090000,256.600006,166.589996,197.639999,1095.949951,19.805880,19.209444,18.975716,18.777771
0.551930,168.309998,158.520004,132.304413,197.240005,22.550163,21.155416,20.875666,20.582409
0.096000,74.610001,72.957588,52.146919,227.000000,21.242933,20.464033,20.198050,19.927179
0.896648,1047.249268,518.820007,435.720001,4586.717285,19.199173,18.460598,18.373814,18.085354
0.318761,312.489990,262.899994,102.903969,890.929993,20.425455,19.347834,18.918646,18.580599
0.253000,475.760010,365.739990,714.995972,2006.430054,20.591228,19.499031,18.951759,18.729568
-0.061637,204.660004,116.649223,138.190002,819.969971,19.556839,18.927261,18.733027,18.569963
1.324888,211.220001,130.440002,99.529999,90.610001,24.657549,25.104382,24.454203,23.783915
5.730000,46.139999,36.080002,44.880001,252.330002,23.148865,22.551279,21.934799,21.675850
0.161000,270.380005,189.550003,208.130005,910.340027,19.260429,18.724957,18.204819,18.304708
0.138000,63.820309,39.830002,55.020000,119.989998,24.406160,22.560019,22.536835,21.437990
0.207000,112.559998,85.747841,114.690002,143.750000,22.694321,22.168394,21.746733,21.300116
0.096000,75.663727,58.380001,60.529999,63.472946,23.615173,22.405180,21.752611,21.529530
0.291449,362.279999,279.589996,256.289429,574.133728,21.041002,20.011190,19.478180,19.108145
0.119000,188.030624,169.800003,159.739258,544.331116,20.494724,19.610664,19.247561,19.039017
0.138000,230.470001,218.880005,162.750000,475.169006,20.686104,19.684887,19.227976,18.948225
0.314000,230.371933,207.139999,163.827454,499.040009,22.020521,20.629665,20.058790,19.694164
0.357000,134.080002,100.849998,117.901268,64.430000,18.004450,17.588966,18.211950,17.474903
0.737257,128.850006,170.463593,151.158020,609.320007,20.415411,19.670139,19.385540,19.179770
0.120000,297.880005,223.559998,167.024719,845.309998,20.147142,19.257439,18.921721,18.677399
-0.180391,122.722710,95.820000,107.430000,76.959999,21.774170,20.499006,19.903519,19.504978
-0.006961,187.550003,157.770004,136.229996,233.800003,21.778830,20.251104,19.701317,19.388947
0.182000,104.820412,103.300003,81.970001,195.162933,25.578140,24.323042,23.324181,21.733463
0.111000,210.860001,156.050003,180.350006,1153.050049,21.190586,20.321281,19.861050,19.609207
0.067685,171.070007,168.000000,106.660004,430.880005,21.692276,20.533531,20.026999,19.664351
0.118000,121.837280,113.430000,71.730003,107.718689,24.871311,23.614223,22.549809,21.627674
0.224741,201.990005,186.250336,181.710007,1048.150024,19.802761,19.324692,19.026035,18.911867
0.326402,408.820007,330.559998,271.769989,959.168823,20.012871,19.128923,18.659172,18.390770
0.193876,161.679993,136.565170,91.160004,92.139999,21.672382,20.116274,19.557253,19.239281
0.101000,174.874237,125.758324,117.723083,160.839996,22.008226,20.803442,20.370676,20.008760
0.147000,99.550003,106.160004,75.510002,377.079987,22.881308,21.690386,21.160585,20.710693
0.169000,280.880005,214.399994,172.839981,254.005325,20.596058,19.755419,19.277330,19.003296
1.556000,116.639999,87.151382,49.430000,52.150002,24.787670,23.441261,22.655035,21.674059
0.116140,280.842896,189.020004,141.639999,1112.160034,20.102755,19.361126,18.987652,18.788998
0.176000,84.300003,62.959999,51.872478,54.160000,24.226799,23.393093,21.955454,21.889700
0.200000,71.949997,97.711716,81.259804,388.980011,23.074623,21.726650,21.343781,20.694841
0.058852,187.490005,163.169998,116.429413,158.384689,21.661013,20.073702,19.532907,19.233812
1.960921,222.333817,120.155823,134.420731,85.589996,22.931499,21.688303,21.111662,20.803953
0.158000,289.940002,206.634613,171.500000,750.820007,20.123514,19.440115,19.038115,18.817089
0.738588,92.449997,67.459999,97.940002,83.029999,22.394346,21.696564,21.196753,20.952265
0.301000,329.619995,307.739990,260.969238,730.392944,20.430538,19.605377,19.198532,18.873734
0.171000,142.050003,148.240005,115.233421,434.809998,21.584995,20.540913,20.066599,19.695692
0.243000,204.809998,165.960007,148.305206,1288.530029,19.936811,19.477451,19.209080,19.058918
0.262046,142.360001,165.779999,134.899994,1037.900024,21.551752,20.496983,19.943743,19.610176
-1.014342,63.166733,65.000000,79.980003,167.102676,21.716946,21.365488,21.872789,21.439796
0.513588,110.919998,115.610001,102.186646,285.451996,22.712292,21.397499,20.857540,20.413179
0.165000,115.191818,121.120003,108.980003,313.010010,22.567959,21.272747,20.668493,20.217966
0.108000,130.539993,104.620003,100.748566,52.419998,21.590801,20.471199,19.885359,19.540001
0.195000,238.397415,209.559998,180.080002,569.299988,20.959845,19.985296,19.534229,19.219276
5.256000,328.209991,251.619995,165.179993,83.919998,20.490173,19.195826,18.698727,18.405617
0.648000,181.419998,139.740005,124.900002,81.839996,24.548067,22.989145,21.843824,21.077717
0.227814,123.819244,122.232666,91.489998,245.100006,21.066479,19.913736,19.550451,19.214756
0.145000,320.070007,219.229996,143.268005,157.811798,24.391144,21.711676,20.348066,20.165636
0.523000,230.990005,226.816208,107.250000,96.540001,21.224363,19.671150,19.207081,18.935566
0.133000,152.660004,158.789993,163.363190,1081.869995,20.751692,19.821585,19.452797,19.300129
0.168000,99.306351,160.398743,175.300003,543.989990,19.717390,19.344997,18.935518,18.872917
0.667430,846.187927,353.899994,517.419983,3929.290039,18.832073,18.308340,18.011757,17.890768
0.096000,89.353302,77.128723,61.020000,150.031479,22.241219,21.131912,20.626089,20.325073
0.387000,355.809998,273.910004,472.810944,1999.380005,21.135939,19.885435,19.451775,19.198215
0.265000,73.262489,33.480000,43.250000,69.599998,24.312471,23.629467,23.049288,22.225813
0.130000,168.397964,173.628952,142.389999,445.820007,21.560251,20.213739,19.668802,19.271946
0.106000,201.740005,293.540009,386.640015,573.080017,20.653898,20.181540,19.916891,19.733347
0.431651,142.520004,116.779999,175.724777,747.989990,20.053837,19.576834,19.308905,19.214952
0.132000,260.334381,307.829987,230.890137,1193.959961,19.762484,18.830189,18.364887,18.164600
0.125000,107.237450,88.919998,100.557037,127.839996,21.960646,20.559269,20.092434,19.796278
0.301019,212.142776,192.080582,163.509995,579.590027,21.758268,20.665066,20.060814,19.661655
1.142000,107.870003,93.980003,96.087784,205.649994,24.454393,23.611603,23.105679,21.581102
0.535000,343.079987,264.100006,173.957489,105.169998,20.231462,19.103796,18.799711,18.529270
0.266000,184.830002,198.402359,173.651520,621.909973,21.489693,20.456146,19.930422,19.547411
0.206000,404.950012,315.609985,244.744827,140.929993,20.461390,19.387157,18.886301,18.599556
0.566000,188.336884,98.959999,82.008713,166.814041,26.402912,23.950920,22.694357,21.648527
0.134000,167.690002,148.789993,95.989998,604.116943,20.910414,20.007263,19.534184,19.294580
0.172000,114.550003,96.119820,97.989998,148.350006,23.613850,22.059830,21.414038,20.989435
0.402382,130.979996,130.052673,152.160538,1209.400024,20.928787,20.150379,19.752966,19.563541
0.116000,189.406937,142.661865,120.949997,125.209999,22.157213,20.658625,20.049749,19.626116
0.204000,107.181831,89.580002,93.287590,168.759995,22.913948,21.484028,20.876280,20.470238
0.095000,75.070000,64.008011,55.590000,327.500000,21.377432,20.757444,20.417788,20.166668
0.156000,167.419998,163.899994,130.029999,350.179993,21.452898,20.454241,19.974171,19.625626
0.221000,133.800003,91.820000,122.699997,171.726547,22.477768,21.644091,21.050184,20.810833
0.598000,211.240005,163.860001,96.489998,881.281067,20.222750,19.302862,18.967739,18.654188
0.150000,136.155396,131.250000,160.449997,319.170013,21.856066,20.489147,20.004908,19.695517
0.143000,166.860001,170.500000,129.309998,472.250000,22.288589,20.924473,20.288006,19.847033
0.202000,160.320007,117.989998,128.520004,123.610001,22.738810,21.024467,20.563465,20.279894
0.829709,147.880005,138.250000,204.006027,295.850006,22.190578,20.898907,20.438288,20.113403
0.583931,407.079987,313.431976,152.439880,129.699997,20.144785,18.835756,18.391918,18.101748
0.511000,127.150002,97.180000,55.470001,170.552124,21.157051,19.841030,19.363646,19.104376
-0.791561,130.300003,92.750725,86.349998,131.293701,23.878050,22.046421,21.051517,20.774691
0.109000,106.282242,82.859535,79.800003,125.244843,24.251644,22.841192,21.920364,21.386562
0.216000,289.989990,255.300003,242.666550,1017.520020,20.464615,19.551819,19.134388,18.903212
-0.384176,132.484116,96.949997,91.260002,79.480003,23.769550,22.539124,21.620735,21.040569
0.561894,105.394218,86.123810,98.980003,598.450012,22.035820,20.874031,20.332331,20.070446
0.127000,192.130005,135.489502,178.714127,586.609985,20.035189,19.517477,19.221474,19.151770
0.960000,570.846436,918.140015,1436.750000,2516.344727,21.282980,20.535135,20.321436,19.849686
0.361000,100.334244,190.889999,359.519989,975.450012,22.350975,20.886274,20.504871,20.259485
1.515764,141.330002,98.320000,94.650002,42.099998,23.334433,21.442764,20.561773,20.122467
0.255123,192.153946,143.300003,114.417404,167.660004,22.531216,20.870636,20.097961,19.692301
2.902000,197.583939,182.250000,188.619995,179.449997,22.570705,21.476252,20.811953,20.381380
2.360456,113.720001,82.540001,61.849998,61.900002,23.726393,22.362444,21.418982,20.971560
0.672583,607.215881,588.419983,999.369995,2418.610107,21.041077,20.132416,19.720667,19.287271
0.135000,105.440002,140.460007,239.789993,413.959991,19.490398,19.426460,19.413355,19.261318
0.120000,747.125549,383.660004,409.355469,1416.760010,19.482489,18.565334,18.124702,17.852085
0.896648,580.250000,415.660004,920.662109,3343.142334,19.920443,18.446156,18.206450,17.850622
0.414000,275.850006,381.839996,527.570007,1436.000000,20.480375,19.718206,19.326960,19.054312
0.336736,93.860001,110.629997,101.620781,178.759995,21.003189,20.737759,20.560226,20.265694
0.856918,71.050003,107.150002,162.029999,252.330002,21.976236,21.303619,21.181694,20.958614
0.172000,342.739990,322.380005,221.009995,888.919983,21.387114,20.115391,19.588478,19.292086
0.159000,779.810059,376.484070,414.806702,104.430000,19.801809,18.894444,18.106298,18.194300
0.402723,265.761841,231.550034,175.149994,670.090027,21.156918,19.983940,19.552361,19.189520
1.130503,107.379997,177.833145,171.513306,330.147827,23.264952,21.778408,21.363316,20.860367
3.116000,147.550003,108.957115,167.313828,628.353882,20.246634,19.938734,20.045818,20.189304
0.118794,79.279999,84.739998,75.489471,229.317352,22.287786,21.073584,20.655794,20.239365
0.165000,107.589996,84.376945,93.265205,93.129997,22.410378,21.771009,21.115433,20.939610
1.369000,218.809998,215.910004,214.496933,911.632874,22.108332,21.000027,20.472925,20.127806
0.382000,10.400000,27.150000,79.404716,269.890015,24.340086,23.833534,23.677015,21.852989
0.360000,127.349998,176.070007,248.595688,893.969971,23.488739,22.252483,21.552107,21.032928
0.122000,178.130005,139.970001,127.339996,1249.060059,19.639420,19.208561,18.938559,18.788797
0.161000,93.059998,62.040001,61.729588,83.639999,22.292881,21.305021,20.862673,20.589983
0.313000,76.820000,60.290001,80.860001,143.210007,23.647322,22.353817,22.283020,21.742552
0.794000,674.169983,561.400024,643.070007,2771.324707,19.905024,19.014683,18.508209,18.403757
0.618202,214.201477,192.258453,189.186539,634.650024,21.184212,20.541668,20.240007,19.969904
0.198000,117.250000,122.820000,143.309998,210.279999,24.184862,23.393816,22.409904,21.972208
0.896648,927.900024,689.228821,1054.189941,4586.717285,19.058876,18.207640,18.157021,17.861282
0.126000,159.210007,151.039993,115.260002,503.199829,21.083729,19.986679,19.479317,19.275427
0.108000,173.225861,161.153641,117.050003,451.549988,20.702309,19.771587,19.364344,19.118099
0.115000,249.640945,324.779999,403.649994,606.250000,20.437376,19.591484,19.681971,19.529579
0.393000,233.050003,199.584106,232.020004,701.140015,21.028055,19.859537,19.392710,19.105848
0.525000,361.021454,212.059998,124.269997,86.430000,20.391489,19.194231,18.717293,18.438751
0.155000,108.269997,109.339996,109.564819,275.959991,22.279999,20.893370,20.355755,20.022034
0.896648,767.890015,689.228821,2144.100098,3426.439941,19.058876,17.783979,17.713886,17.738695
0.797000,668.401306,251.907639,213.520004,958.183960,20.226374,18.921270,18.234970,18.173698
0.294214,198.250000,164.300003,121.739998,510.393280,20.848207,19.662413,19.268076,18.976604
0.230000,129.300003,136.899994,121.114731,392.239990,22.309357,21.002964,20.518953,20.194159
0.181000,320.379333,220.841675,137.574295,936.679993,20.415760,19.544836,19.077415,18.829332
0.418561,244.325195,255.649994,143.259995,134.339996,20.861052,19.308552,18.831039,18.499041
0.148744,68.660004,55.970001,52.490002,162.290741,23.006601,21.385471,20.881268,20.589745
0.404821,168.509995,160.229996,126.540001,343.320007,21.703928,20.511803,20.033878,19.633070
3.068034,86.066841,76.230003,67.929588,66.510002,22.922535,21.733097,21.148117,20.793381
0.141000,199.622726,163.539993,132.380005,100.699997,21.794287,20.027006,19.460661,19.220985
1.870842,112.379997,98.289421,102.010002,138.849014,22.689678,21.759949,21.234356,20.976463
0.193000,133.011719,122.415451,121.379997,261.050903,22.118750,21.046198,20.498459,20.245104
1.664993,233.059998,186.639999,131.289398,87.580002,21.736502,19.975782,19.378334,19.089062
0.218000,652.969971,519.260254,370.839996,1513.540039,19.140923,18.308008,17.863541,17.565477
0.138000,290.709259,187.679993,175.360001,797.809998,20.406706,19.502844,19.065617,18.753973
0.443000,497.616760,357.040009,296.165222,1151.310059,20.386761,19.331623,18.885992,18.559980
0.256000,346.170013,272.420013,207.470001,339.859985,19.731104,19.169054,18.744789,18.562540
0.339000,73.190002,61.566418,75.589996,173.619995,22.166750,21.121525,20.739294,20.470245
0.086000,137.639999,125.730003,89.059998,348.140015,21.488985,20.590084,20.204659,19.914198
0.207000,89.430000,83.599998,70.599998,425.769989,21.981121,21.183702,20.819294,20.544907
0.444816,443.339996,303.138794,168.577515,432.329987,20.066261,19.260036,18.680035,18.448448
0.150000,98.375893,80.522583,54.720001,236.710007,22.410862,21.408197,20.792198,20.385960
0.627000,440.410004,377.640015,365.630005,2935.229980,20.076357,19.239212,18.802750,18.552309
0.141000,164.381790,127.150002,140.080002,917.409973,20.208241,19.545101,19.386030,19.249784
0.122000,196.809998,135.797180,258.000000,818.289978,19.574520,19.146944,18.995564,18.866255
0.129000,170.649994,178.850006,106.131630,463.079987,21.477144,20.252522,19.726128,19.405394
-0.005486,195.910004,193.169998,150.738754,388.100006,21.658186,20.494059,19.954336,19.589464
0.193598,152.919998,145.860001,109.564720,275.130005,22.827013,21.062004,20.419415,20.097994
0.198000,148.860001,121.160004,114.128418,57.779999,21.658403,20.254742,19.724457,19.385000
0.159000,119.879997,122.563316,107.964050,196.179993,21.441816,20.355194,19.910936,19.519514
0.096000,225.600006,167.504288,142.149994,192.350006,21.828609,20.451700,19.926264,19.568924
2.899894,97.610001,81.666527,50.400002,54.340000,23.519657,21.869383,21.212864,20.814924
0.133000,102.295372,85.190002,97.559998,150.949997,21.838671,21.043970,20.612688,20.279404
15.814000,29.320000,68.431122,67.929588,53.340000,24.464361,22.727800,22.245594,22.121315
0.107000,289.429993,213.259995,224.009995,588.475281,23.337109,22.008347,20.976191,20.488289
0.110000,157.522110,146.509995,96.599998,288.890015,22.102863,20.788092,20.321091,19.923677
1.295000,255.259995,212.220001,147.309998,83.379997,21.323751,19.704826,19.193405,18.875885
0.187000,422.940002,299.049988,314.910004,847.197998,20.148142,19.241636,18.794312,18.477028
1.558089,197.919998,131.330002,121.499573,68.769997,23.442724,21.645573,20.655407,20.105190
0.123000,182.119995,116.970001,115.050003,34.707024,23.519981,21.552668,20.594349,20.207649
0.231000,427.019989,455.510010,449.609985,790.169983,20.660561,19.777176,19.221943,18.985714
2.248681,73.949997,57.869999,54.315670,114.190002,24.444664,23.251120,22.081844,22.010609
1.725000,949.419250,544.080017,353.359985,3409.761719,19.190145,18.191074,17.698767,17.353703
1.516000,100.669998,64.680000,73.940002,111.516518,22.865269,21.796278,20.955988,20.691721
0.269000,165.559998,118.410004,111.589996,92.157585,23.605452,22.261494,21.305094,20.862314
0.105000,123.070000,82.529999,74.276749,79.237907,24.095881,22.936295,21.639143,20.886160
0.131000,183.173569,120.129997,122.309998,157.399994,23.579708,21.875364,20.980270,20.601194
0.573000,118.040001,82.320000,36.502945,298.937469,21.895166,20.602903,19.779146,19.400589
-0.272185,128.360001,84.820000,116.570000,125.250000,23.753000,22.261135,21.439095,20.990643
-0.221369,131.509995,120.500000,86.609337,224.429993,21.679941,20.664474,20.342615,19.984423
0.896648,1047.249268,528.299988,970.170532,4164.750000,19.326096,18.207640,18.113789,17.876532
3.316448,85.290001,65.129997,67.929588,47.630001,23.640203,22.237974,21.655508,21.220911
0.093095,203.302750,227.479996,162.000000,114.480003,21.267241,19.861046,19.408289,19.168661
0.974000,831.369995,562.270020,823.859985,5098.680176,19.058876,18.211132,17.911585,17.699034
3.606000,-80.177910,153.429993,126.716171,288.485687,20.952526,20.034042,19.582684,19.175695
0.123000,149.869995,108.849998,111.883080,124.170425,24.651936,22.771812,21.513105,20.761820
1.348000,1233.670044,714.054199,1344.060059,9066.639648,18.904690,18.098028,18.132322,17.319180
0.428722,419.959991,318.250000,356.750000,2580.530029,20.108391,19.209244,18.816616,18.575592
0.320987,161.899994,131.714310,153.110001,897.289978,20.306845,19.791563,19.450098,19.354059
0.147000,180.250000,200.990005,219.589996,1038.089844,20.976992,19.884163,19.427202,19.162455
0.184000,563.880005,369.354462,311.250000,564.688171,20.168295,19.087154,18.584927,18.455025
0.087000,180.605743,141.380005,94.959999,75.339996,21.415073,20.109205,19.602674,19.319460
0.600000,2343.050049,1622.030029,683.363525,4522.029785,19.247814,18.453796,18.153526,17.802715
0.273000,363.829987,250.550003,369.309998,2114.129883,19.274378,18.364981,18.019096,17.822571
3.283000,108.110001,214.833313,183.697952,617.210022,24.296352,24.370588,24.012878,23.577065
0.255000,50.090000,41.799999,57.599998,139.916397,22.304499,21.387793,21.224848,20.876434
0.244000,199.440002,191.259995,166.320007,997.836853,21.199774,20.222433,19.722219,19.469748
0.126000,62.470001,55.288795,44.840000,74.889999,24.493809,23.913687,23.285576,22.805317
0.076000,142.690002,134.699997,106.000000,222.635040,21.630997,20.391726,19.953871,19.596907
0.277000,304.890015,238.740005,235.610001,1735.719971,20.133831,19.360264,18.990719,18.827303
0.164000,273.809998,333.790009,456.470001,1667.970337,21.287500,19.853949,19.378201,19.088123
0.237000,357.829987,333.098907,284.690002,1698.560059,20.394152,19.408089,18.843456,18.613165
0.118000,139.949997,106.300003,122.889999,103.410004,24.613865,23.110863,22.288504,21.974184
-0.091386,201.039993,331.380005,613.849976,1035.229980,19.465242,19.393713,19.206446,19.212301
0.245324,476.839996,367.299988,429.467712,1051.489990,19.768904,18.870008,18.317339,18.058142
0.896648,877.080017,623.229980,1015.690002,7156.720215,18.506136,18.024950,18.127489,17.709591
0.320000,113.021957,93.809998,99.320000,151.899994,24.329967,23.525579,22.813101,22.207617
0.091021,253.860001,220.880005,141.580002,108.629997,21.331146,19.553223,19.125656,18.828817
0.776871,146.279999,197.628601,154.919998,116.510002,23.411705,21.896769,21.298296,20.772211
0.101000,202.487122,187.649994,128.820007,375.179993,20.746492,19.757622,19.225866,18.978308
0.538000,236.710007,192.580002,96.067032,73.709999,21.152386,19.612946,19.105261,18.736443
0.128000,114.059998,116.839996,102.243080,281.829987,22.510363,21.456797,21.041754,20.663954
0.373905,281.510010,254.967575,185.118820,250.220001,21.270685,19.903471,19.354828,19.029728
0.108000,736.981445,439.500000,347.660004,290.660004,18.816256,17.972008,17.608311,17.345821
0.079000,78.339996,78.080002,80.120003,160.289993,22.100216,21.060652,20.676340,20.323828
0.591086,114.320000,173.219788,226.309998,1058.473999,21.289244,20.524275,20.197363,19.899691
0.128651,164.302292,149.075729,121.432053,360.029999,22.225788,20.904602,20.324270,19.911901
1.422310,119.426605,84.709999,87.250000,69.320000,23.997044,22.223804,21.156515,21.029305
0.391000,202.589996,251.190002,202.759995,1201.300049,21.548664,20.293543,19.708654,19.433935
0.896648,777.200012,587.750000,476.040009,1708.500000,19.692564,18.811169,18.264801,17.907913
0.147000,112.889999,104.639999,81.980003,256.184082,23.829098,21.878525,20.973213,20.617636
0.085000,72.424759,51.889999,55.709999,63.472946,23.306103,22.382750,21.769434,21.403713
0.148000,264.799988,220.029999,155.139999,100.139999,21.494541,19.831804,19.248800,18.938009
-0.386070,138.220001,86.558128,109.667282,128.250000,23.697998,21.804058,21.139034,20.627926
0.572187,501.630005,359.489990,207.818085,182.699997,19.649387,18.569189,18.126680,17.866880
5.645713,119.550003,96.343414,77.690002,48.330002,25.503029,23.058418,22.345570,21.140779
0.279760,292.459991,260.468781,204.229996,699.580078,21.279150,20.026638,19.496792,19.205221
0.226000,266.540009,269.980011,269.997864,966.039978,20.355968,19.494862,18.933657,18.723530
0.159000,91.330002,89.461922,69.529999,268.690002,21.946678,20.781277,20.274296,19.982687
0.658706,164.929993,85.369217,284.890015,1031.432617,20.281025,20.088409,20.004715,19.816643
0.147000,237.270004,189.960007,147.106552,588.390015,21.178152,19.858404,19.366976,19.039984
0.218601,179.149994,179.410004,201.467743,1061.646973,21.103130,20.247995,19.817701,19.581114
0.896648,1047.249268,646.030029,970.170532,4586.717285,18.269217,18.207640,18.127489,16.905659
0.597417,190.710007,153.050003,167.990005,283.989990,23.501341,21.569799,21.032822,20.579817
0.167000,210.393951,200.429993,140.089996,1022.520020,21.342581,20.165726,19.778440,19.459417
0.221000,154.539993,113.339996,108.680000,131.514359,23.715689,21.925442,21.037277,20.581907
0.254000,302.670013,209.005020,115.035164,95.239998,22.255669,20.382235,19.587353,19.147385
0.076000,180.000000,234.500000,326.769989,672.408630,21.296705,20.530027,20.481581,20.134987
0.090000,157.029999,133.330002,109.235321,185.246902,21.885187,20.511562,20.036963,19.662815
0.204000,118.430000,132.130005,153.380005,200.729996,21.956480,21.385582,21.110725,20.971853
0.109000,71.949997,77.620003,46.500000,147.688950,22.104364,21.345333,20.885118,20.639870
0.227000,136.376053,127.010002,132.435547,214.300003,23.818865,22.740099,22.275328,21.901608
0.080000,155.970001,125.400002,109.000000,142.889999,22.758308,21.235193,20.555916,20.265451
0.124000,131.160172,126.650002,90.996353,325.920013,21.087029,20.178972,19.881773,19.505215
0.145000,204.190002,165.949997,133.179993,171.179993,21.647648,20.196558,19.648680,19.305424
0.277000,108.370003,101.510002,93.870003,234.099442,21.620533,20.399605,20.190624,19.814478
0.149000,254.100006,222.729996,165.119995,503.809998,20.096060,19.293570,18.986145,18.754444
0.145000,109.830002,89.600929,112.180000,102.730003,22.490677,20.868809,20.242983,19.989395
0.670390,149.360001,212.910400,152.360275,227.059998,22.665367,21.223455,20.652491,20.254698
0.117000,91.389999,77.303085,80.169998,112.883026,23.403715,21.873653,21.211647,20.768677
0.087000,107.776886,82.411720,73.258080,46.750000,24.285381,23.030024,22.282568,21.404724
0.269000,318.963867,215.320007,167.809998,986.609985,20.249018,19.480360,19.108673,18.931957
0.217000,278.459991,313.028625,260.320007,275.698242,20.546864,19.712513,19.188669,18.923283
0.142000,89.261566,76.690002,58.013771,68.452515,25.472752,23.558233,22.532827,21.750257
0.436000,100.089996,33.250927,96.260002,183.554459,23.268648,21.610622,21.072174,20.802126
0.784000,109.029999,89.901611,97.995697,242.770004,25.033073,23.207556,22.800604,21.478521
0.134000,130.095230,125.847397,117.830002,260.679993,21.254271,20.323000,20.019785,19.759371
30.469999,154.020004,100.489998,57.950001,67.430000,25.075945,22.875288,22.273224,20.867516
0.270780,323.989990,293.920013,236.639999,811.840088,21.200830,19.899466,19.283665,18.936159
0.986000,293.709991,152.170792,151.050003,83.250000,21.674702,20.271315,19.322779,18.934128
0.144709,240.098969,352.459991,266.799988,323.262848,20.834190,19.775534,19.310354,19.016918
0.105000,102.800003,80.730003,59.939999,245.806046,21.566542,20.780842,20.346962,20.034410
0.393000,478.359985,348.440002,290.823700,752.549988,19.603500,18.569729,18.140997,17.814034
0.160000,262.254211,213.660004,158.950653,874.809998,21.190094,20.116207,19.599392,19.317368
0.065604,172.759995,138.730194,200.505417,324.788879,19.719927,19.357334,19.139132,19.119678
0.054199,242.089996,178.919998,211.360001,1459.319946,20.140495,19.420656,19.137253,18.994921
-0.101311,75.506248,51.578671,71.167984,148.007034,22.726763,21.275095,20.909374,20.603968
0.231733,262.130005,193.240005,158.197495,202.759995,22.366934,21.396839,20.473478,20.099943
0.639000,190.396500,139.839996,130.277176,121.357491,23.410892,21.661411,20.818954,20.365906
