0.329000,243.832306,1088.569946,203.819565,4039.360107,18.748508,17.913689,17.544147,17.261433
0.110000,97.510002,89.730003,65.580002,524.169983,20.409975,19.917112,19.665319,19.721024
0.124000,141.009995,135.460007,123.769997,536.489990,21.133301,20.231091,19.819811,19.597271
0.086000,137.639999,125.730003,89.059998,348.140015,21.488985,20.590084,20.169334,19.943983
0.205000,243.832306,211.289993,147.350006,674.900024,21.671326,20.504913,19.909004,19.599363
0.714000,189.949997,223.960007,329.510010,469.149994,20.280649,20.004168,20.023596,19.506481
0.107000,225.919998,187.229996,146.220001,679.028687,20.905104,19.894970,20.084599,19.117884
0.165000,124.250000,121.120003,108.980003,313.010010,22.778955,21.272747,20.668493,20.217966
1.073033,368.859985,308.720001,225.470001,212.929993,21.722006,20.057741,19.429251,19.093477
0.296000,254.119995,253.339996,203.819565,1161.000000,21.722006,20.626879,20.084599,19.756830
0.225000,181.309998,132.919998,150.500000,204.050003,21.641010,20.610460,20.198339,19.721024
0.253000,178.570007,143.449997,203.819565,679.028687,21.722006,20.481092,19.859608,19.551405
0.147000,237.270004,189.960007,150.979996,588.390015,20.977575,19.858404,19.366976,19.039984
0.140000,141.960007,224.751511,79.559998,56.270000,21.722006,20.612396,20.006294,19.653667
0.105000,102.800003,80.730003,59.939999,679.028687,23.161432,22.562668,20.084599,21.241911
0.099000,116.070000,167.779999,286.760010,514.969971,19.966721,20.574678,19.576490,19.570786
0.216000,243.832306,224.751511,192.949997,1017.520020,20.464615,19.551819,19.134388,18.903212
0.168000,68.790001,95.230003,125.550003,172.720001,21.568954,21.437616,21.121984,21.177689
0.195000,243.832306,267.269989,242.130005,1233.829956,20.174917,19.192844,20.084599,18.437067
0.219000,63.509998,76.220001,203.819565,679.028687,20.498005,20.618347,20.439096,20.164291
0.387000,243.832306,273.910004,322.859985,1999.380005,21.722006,19.885435,19.451775,19.721024
0.182000,128.169998,97.690002,203.819565,581.799988,20.787586,20.144476,19.812523,19.662388
1.073033,29.320000,38.889999,56.020000,53.340000,23.061880,22.727800,22.245594,22.121315
1.073033,135.490005,112.629997,69.360001,42.770000,21.722006,23.758938,22.511219,21.430429
0.145000,119.550003,81.620003,203.819565,679.028687,25.503029,23.131966,21.878378,21.140779
1.073033,63.810001,224.751511,63.779999,302.839996,22.980686,21.835398,21.316729,20.858978
0.264000,230.789993,170.979996,134.690002,99.589996,22.585926,20.869499,20.084599,19.619829
0.102000,106.220001,75.349998,203.819565,90.040001,24.422035,23.003271,22.191362,21.678326
0.138000,200.259995,145.820007,139.369995,94.639999,22.972540,21.217865,20.525951,20.103582
0.231000,243.832306,224.751511,148.199997,237.259995,22.793043,22.056589,21.774265,21.461296
0.181000,88.330002,130.789993,178.300003,326.899994,20.215403,20.049486,19.859720,19.869322
1.073033,243.832306,47.200001,37.770000,44.169998,25.317184,23.892248,22.760828,22.264969
0.443000,402.730011,357.040009,265.350006,1151.310059,20.386761,19.367266,18.885992,18.596069
0.125000,114.550003,109.650002,72.970001,218.410004,21.979788,20.794195,20.366570,20.008595
0.619000,548.849976,393.100006,203.819565,4077.409912,18.800234,18.397814,20.084599,18.128439
0.155000,108.269997,224.751511,203.819565,679.028687,22.279999,20.893370,20.355755,20.006495
1.073033,877.080017,623.229980,1015.690002,7156.720215,18.506136,18.024950,17.828957,17.676355
0.131000,243.832306,235.119995,256.899994,596.590027,21.722006,19.743017,20.084599,18.987057
0.703000,475.529999,523.400024,414.750000,2399.800049,20.677618,19.489550,18.933565,18.602539
0.121000,230.330002,202.949997,203.819565,679.028687,21.442265,20.574678,19.607649,19.206545
0.111000,180.199997,224.751511,159.860001,875.489990,19.899193,19.370977,19.107758,18.970970
0.167000,212.070007,200.429993,140.089996,1022.520020,21.147892,20.165726,19.645311,19.361181
1.073033,343.239990,224.751511,266.799988,679.028687,20.834190,19.775534,19.349092,19.016918
0.113000,243.832306,133.889999,203.819565,206.070007,21.856827,20.592216,20.140770,19.816132
0.427000,265.329987,204.350006,126.230003,99.320000,20.606319,20.574678,18.876900,18.576813
0.412000,302.029999,286.309998,275.100006,591.190002,20.299524,19.243353,18.802380,18.588387
0.207000,135.479996,115.570000,174.759995,207.539993,23.543337,22.771112,21.995682,21.639107
0.101000,218.210007,187.649994,203.819565,375.179993,20.746492,19.656858,19.225866,18.978308
0.097000,78.739998,72.930000,54.680000,342.299988,20.934341,20.330866,19.983315,19.871014
0.392000,243.832306,288.230011,325.890015,1167.619995,20.395969,19.923632,19.732033,19.311670
0.210000,250.949997,231.199997,203.819565,406.339996,21.722006,19.707684,19.298004,19.019949
0.117000,130.500000,117.900002,89.449997,712.869995,20.577162,19.993837,19.625542,19.721024
0.131000,85.099998,59.830002,52.500000,41.580002,24.447664,20.574678,21.928574,21.505461
0.389000,206.210007,253.029999,341.019989,724.979980,21.115345,20.150124,19.776760,19.459839
0.108000,186.169998,224.751511,117.050003,679.028687,20.702309,19.771587,19.364344,19.118099
0.327000,521.539978,371.630005,437.279999,3287.959961,19.601746,18.868397,18.462324,18.256701
0.161000,131.179993,145.649994,164.940002,373.190002,21.415094,20.255358,19.878874,19.550444
0.205000,135.970001,138.300003,106.629997,906.659973,20.584558,19.909815,19.521797,19.721024
0.185000,240.440002,229.309998,164.619995,544.380005,22.490484,20.941431,20.233440,19.767872
1.026000,1147.050049,224.751511,541.609985,521.130005,18.972586,17.869579,17.366880,19.721024
0.114000,192.779999,175.470001,167.300003,575.659973,21.860689,20.644339,20.090633,19.722692
1.082000,243.832306,84.709999,87.250000,679.028687,23.433224,22.223804,21.156515,20.725729
0.149000,254.100006,222.729996,165.119995,503.809998,20.481785,19.455383,18.986145,18.754444
0.163000,243.832306,157.309998,216.380005,286.230011,22.680916,20.574678,20.669943,20.495872
0.156000,118.580002,130.800003,76.129997,558.239990,21.462887,20.571039,20.106182,19.721024
2.297000,75.910004,224.751511,127.889999,337.410004,23.768887,22.904764,22.071320,21.227066
3.048000,824.179993,984.340027,1456.390015,2640.409912,19.510733,20.574678,18.089016,17.909454
0.359000,211.850006,221.679993,186.020004,687.200012,22.342657,20.882872,20.232882,19.771549
0.261000,190.419998,191.440002,203.819565,515.669983,21.208057,20.004807,19.512342,19.264540
0.269000,165.559998,118.410004,111.589996,126.290001,23.605452,20.574678,21.305094,20.862314
0.539000,137.199997,107.459999,69.199997,53.500000,21.824848,20.313292,19.755091,19.721024
0.281000,107.379997,77.660004,76.599998,679.028687,23.264952,21.778408,21.255400,20.860367
0.240000,226.139999,171.309998,148.800003,886.739990,21.722006,19.103737,20.084599,18.782259
0.149000,869.140015,616.719971,526.500000,2186.590088,18.847897,18.023632,20.084599,19.721024
0.092000,121.510002,131.940002,109.209999,679.028687,21.722006,20.794334,20.341463,19.937803
0.134000,167.690002,148.789993,95.989998,511.540009,20.910414,20.007263,19.534184,19.294580
0.178000,113.879997,103.110001,58.279999,141.429993,21.653082,20.487185,20.083742,19.721024
0.206000,337.489990,279.600006,230.699997,1376.359985,20.487837,19.460348,18.977276,18.703381
0.119000,229.130005,198.380005,131.179993,567.909973,20.460943,20.574678,19.041002,18.796091
0.250000,186.770004,131.050003,109.970001,81.440002,21.722006,20.936815,20.129808,19.743225
0.519000,703.010010,512.109985,564.770020,679.028687,21.722006,18.775633,18.318216,18.059576
0.172000,187.250000,175.550003,138.779999,596.799988,21.722006,20.695734,20.125702,19.774792
1.073033,243.832306,169.279999,111.519997,679.028687,20.701988,19.934309,20.084599,19.336647
0.192000,243.832306,160.000000,159.139999,237.070007,22.584913,21.059498,20.447466,19.988829
0.131000,243.832306,224.751511,91.160004,92.139999,21.672382,20.116274,19.557253,19.219084
0.348000,419.959991,318.250000,203.819565,2580.530029,19.931889,19.209244,20.084599,18.575592
0.200000,71.949997,86.180000,203.819565,388.980011,23.074623,21.663675,21.136517,20.694841
0.114000,152.270004,224.751511,108.519997,843.080017,20.614487,19.888948,19.465435,19.721024
0.525000,1403.010010,1005.520020,1179.819946,3431.649902,18.561369,17.664984,17.312521,19.721024
0.433000,251.649994,224.751511,174.270004,679.028687,19.837517,19.283907,18.941946,18.813602
0.093000,86.959999,71.440002,84.139999,103.510002,22.972429,21.701513,21.070852,20.680725
0.163000,105.269997,71.389999,89.919998,89.410004,23.448433,22.457613,21.735666,21.342466
1.073033,202.139999,224.751511,362.049988,516.130005,21.722006,20.657747,20.312389,20.214495
0.173000,214.000000,185.199997,203.819565,960.239990,20.828257,19.896940,19.458433,19.236422
0.661000,135.919998,82.660004,62.970001,679.028687,23.925236,22.082113,20.949778,20.471462
0.354000,508.929993,545.659973,203.819565,1955.660034,20.308794,20.123692,18.867056,19.721024
0.103000,139.919998,224.751511,72.849998,70.589996,23.208647,21.728750,20.952116,20.511299
1.073033,185.470001,224.751511,134.339996,479.549988,21.156097,20.171644,19.724361,19.463223
0.355000,813.469971,535.190002,370.179993,398.929993,18.905699,17.893652,17.481785,17.171175
0.160000,243.832306,315.279999,365.320007,954.219971,21.159336,20.071589,19.589748,19.279846
94.167000,159.979996,143.300003,138.369995,167.660004,22.531216,20.728874,20.084599,19.692301
0.105000,243.832306,224.751511,51.180000,77.690002,23.576315,22.189161,21.367094,20.922167
0.177000,202.509995,193.080002,175.309998,679.028687,20.709345,19.759268,19.410975,19.132919
0.166000,220.169998,164.690002,141.410004,148.039993,21.722006,20.556644,19.977581,19.663385
0.138000,251.009995,187.679993,175.360001,797.809998,20.406706,19.502844,19.065617,18.753973
0.177000,65.080002,224.751511,72.459999,63.480000,23.783270,22.837301,22.228937,19.721024
0.085000,47.740002,51.889999,55.709999,679.028687,23.306103,20.574678,21.769434,21.403713
0.288000,149.240005,224.751511,76.989998,679.028687,22.316015,20.571562,19.961617,19.630882
0.464000,126.220001,121.699997,123.459999,211.449997,23.517979,21.830627,21.223814,20.759758
0.150000,209.630005,175.089996,145.339996,265.239990,21.478918,20.032473,19.597239,19.284302
0.118000,315.049988,248.360001,171.490005,93.120003,20.831997,19.359356,18.867704,18.558952
0.155000,125.470001,132.059998,113.699997,489.089996,23.320374,21.983097,21.238432,20.688587
0.105000,123.070000,224.751511,62.029999,54.040001,21.722006,22.999664,21.639143,20.984379
0.160000,217.779999,213.660004,162.399994,874.809998,21.190094,20.116207,19.599392,19.317368
0.134000,110.510002,224.751511,117.830002,679.028687,21.218319,20.323000,20.113634,19.759371
0.146000,133.059998,129.440002,100.459999,277.140015,22.398470,21.197556,20.636942,20.235212
0.237000,54.730000,68.510002,55.930000,75.860001,23.507086,23.247074,22.853672,22.486471
0.149000,172.759995,224.751511,164.339996,679.028687,19.719927,19.357334,19.213263,19.119678
0.215000,178.509995,189.759995,147.750000,1216.280029,20.579721,19.832970,19.416428,19.231422
0.244000,161.940002,147.259995,136.929993,370.760010,23.570494,21.856329,20.084599,20.620197
0.885000,243.832306,514.299988,420.750000,3048.850098,19.703754,19.067877,20.084599,18.497429
0.620000,162.610001,106.769997,100.589996,49.230000,24.789791,22.603228,21.338795,20.723230
0.396000,322.899994,257.029999,143.910004,123.779999,20.454676,20.574678,18.659460,18.376934
0.301000,329.619995,307.739990,248.610001,1795.199951,20.430538,19.605377,19.198532,18.873734
0.166000,386.399994,289.829987,203.819565,1404.849976,20.267609,19.220720,18.756674,18.440273
0.314000,61.009998,224.751511,64.040001,78.120003,23.545181,22.962200,22.336685,21.723764
0.372000,243.832306,99.669998,203.819565,161.149994,23.453768,22.128069,21.637548,19.721024
0.114000,71.129997,75.309998,52.580002,88.559998,22.201923,20.574678,21.539854,21.153730
0.199000,275.019989,227.479996,162.000000,114.480003,21.267241,19.664122,19.115725,18.800064
0.113000,243.832306,150.550003,119.129997,679.028687,21.999964,20.285490,19.665010,19.336958
0.528000,227.240005,250.850006,450.420013,941.799988,22.227945,20.955406,20.326563,20.064518
0.248000,81.959999,60.660000,55.900002,59.930000,24.071169,22.477995,20.084599,21.361555
0.084000,221.630005,224.751511,143.669998,564.609985,20.567640,19.731560,19.336720,19.086205
0.125000,175.169998,123.370003,123.209999,679.028687,20.069210,19.550516,19.263161,19.129372
0.174000,236.300003,224.751511,129.149994,1342.199951,21.722006,19.321081,18.997084,18.854084
0.273000,161.899994,162.550003,153.110001,897.289978,20.306845,19.791563,19.450098,19.354059
0.214000,285.720001,266.649994,203.819565,838.179993,21.257481,19.958553,19.372356,19.721024
1.073033,109.750000,109.440002,57.930000,679.028687,21.034184,20.574678,19.782661,19.611429
0.266000,188.000000,140.179993,144.199997,175.869995,21.722006,20.682035,20.113617,19.765451
0.476000,382.149994,265.880005,346.500000,2296.489990,19.188248,18.764204,18.519133,19.721024
1.073033,171.070007,168.000000,106.660004,430.880005,21.611576,20.487400,19.955727,19.664351
3.557000,194.119995,156.440002,111.949997,72.150002,22.014360,20.194538,19.588833,19.288101
1.073033,210.300003,155.399994,157.619995,833.039978,21.294348,20.352434,19.842699,19.540283
0.194000,243.832306,694.450012,476.380005,913.539978,21.722006,17.908596,17.441687,17.148558
0.182000,59.139999,44.630001,45.910000,63.150002,23.853197,20.574678,22.119804,21.837543
0.214000,218.899994,226.559998,156.479996,795.489990,20.582119,19.748480,20.084599,19.143816
0.169000,45.880001,36.070000,35.230000,213.119995,21.689695,20.949295,20.509220,20.338539
0.128000,96.879997,71.059998,58.610001,67.400002,24.427864,23.097393,22.118746,21.632332
0.181000,192.619995,257.970001,203.819565,936.679993,20.415760,20.574678,19.077415,18.829332
2.902000,256.239990,182.250000,188.619995,179.449997,22.570705,21.476252,20.084599,20.381380
0.079000,115.150002,224.751511,89.180000,121.449997,21.722006,20.574678,20.684595,19.721024
0.162000,109.669998,128.789993,147.039993,214.169998,23.583666,22.468273,21.948864,21.457001
0.123000,88.370003,65.800003,76.680000,60.470001,23.073326,21.752247,21.143190,20.762857
1.073033,193.820007,150.720001,129.979996,679.028687,20.569328,19.851131,20.084599,19.289974
0.332000,162.059998,189.919998,168.899994,749.010010,21.019661,20.133154,19.760347,19.377897
0.320000,490.149994,346.750000,435.529999,2338.570068,20.203094,19.286507,18.818615,18.471231
0.088000,112.940002,105.300003,70.709999,195.830002,22.961931,21.648415,20.084599,20.592081
0.874000,527.280029,381.390015,269.839996,220.500000,19.460192,18.418543,17.999449,17.700788
0.138000,243.832306,203.009995,127.470001,413.220001,21.722006,19.666246,19.207121,18.942743
0.101000,71.470001,53.230000,71.709999,679.028687,23.294325,20.574678,21.642893,19.721024
0.753000,164.929993,218.350006,203.819565,398.890015,20.281025,20.088409,20.004715,19.816643
0.375000,672.440002,511.350006,560.010010,3902.260010,20.054459,19.125044,18.636421,18.307667
0.780000,246.830002,196.539993,161.660004,85.669998,22.056416,20.123028,19.534410,19.161823
0.357000,586.450012,1033.060059,203.819565,4005.790039,19.805277,18.920784,18.528286,18.312687
0.276000,157.050003,162.330002,130.899994,784.229980,22.451330,21.152653,20.084599,20.074312
0.147000,243.832306,104.639999,81.980003,211.119995,22.924837,21.511736,20.973213,20.523766
0.104000,204.660004,145.020004,138.190002,819.969971,19.556839,19.013121,18.733027,18.569963
1.405000,690.179993,224.751511,319.869995,277.070007,21.722006,18.483868,18.031013,19.721024
0.360000,188.440002,224.751511,106.730003,56.500000,24.559429,22.415184,21.209627,19.721024
1.073033,114.169998,84.400002,84.459999,679.028687,21.450636,20.782335,20.358597,20.148691
1.073033,112.650002,224.751511,86.779999,225.529999,22.550190,21.417519,20.971823,20.549585
0.245000,243.832306,178.919998,211.360001,1459.319946,20.140495,19.516647,20.084599,18.994921
0.111000,206.600006,138.240005,203.819565,127.730003,22.925411,21.548769,20.770311,20.315374
0.280000,152.149994,107.110001,80.760002,40.820000,24.957642,23.044769,20.084599,21.029882
0.216000,168.850006,162.529999,123.720001,679.028687,21.157948,20.221373,20.084599,19.721024
0.399000,369.839996,224.751511,470.489990,631.859985,20.843184,19.745457,19.483883,18.885702
0.176000,84.300003,224.751511,64.940002,54.160000,24.226799,23.078590,21.955454,19.721024
0.229000,236.100006,224.751511,113.250000,75.120003,21.722006,21.208319,20.180851,19.717468
0.235000,136.389999,116.980003,203.819565,156.899994,21.650131,20.437246,20.084599,19.721024
0.152000,207.779999,222.669998,326.970001,542.359985,22.566965,21.154373,20.430340,20.095697
0.168000,159.169998,103.599998,87.940002,48.980000,23.495199,22.049368,20.997974,19.721024
1.073033,110.660004,88.430000,203.819565,679.028687,24.657663,23.566622,22.467243,21.946178
0.203000,139.880005,139.990005,119.620003,809.690002,20.656279,19.905357,19.497030,19.721024
0.184000,243.832306,131.470001,82.059998,461.000000,22.094395,21.138344,20.735207,20.373350
0.145000,243.832306,224.751511,157.789993,459.850006,21.722006,20.574678,19.590872,19.295033
3.019000,243.832306,615.219971,376.010010,329.179993,19.447536,18.347094,17.945030,19.721024
0.191000,106.139999,104.900002,94.570000,180.710007,21.181509,19.910099,19.682289,19.721024
4.462000,115.250000,93.339996,64.120003,69.489998,22.569944,20.836205,20.278183,19.937162
0.132000,55.730000,224.751511,203.819565,48.849998,23.533594,22.360472,20.084599,21.456699
0.261000,216.660004,236.679993,203.819565,666.109985,24.099949,22.506796,21.323395,20.800430
1.140000,135.539993,118.800003,80.129997,51.169998,21.903711,20.348213,19.836498,19.496214
0.119000,150.470001,127.230003,203.819565,713.440002,21.722006,19.652218,19.338053,19.195887
0.248000,331.079987,270.700012,172.020004,126.970001,21.108206,19.475752,18.923595,18.619926
0.085000,243.832306,87.000000,59.529999,192.699997,21.932486,21.165630,20.084599,20.524345
0.108000,95.150002,140.660004,198.020004,312.940002,20.591816,20.304855,20.159124,20.167610
0.127000,134.919998,91.500000,203.819565,89.360001,23.721432,22.214621,21.149826,20.696899
0.159000,111.750000,87.860001,120.629997,131.479996,22.503582,21.363708,20.084599,19.721024
1.073033,595.760010,918.140015,1436.750000,2502.169922,21.282980,20.574678,20.084599,19.721024
0.277000,304.890015,238.740005,235.610001,1735.719971,20.032108,19.360264,18.990719,18.827303
1.073033,214.660004,167.960007,161.690002,150.770004,23.059235,21.255123,20.510143,20.050425
0.351000,165.389999,151.639999,148.000000,232.580002,23.007385,22.131180,21.351748,19.721024
0.122000,262.600006,224.751511,154.500000,509.940002,20.915577,19.759327,19.186100,18.921015
0.117000,112.769997,108.099998,93.720001,616.500000,21.722006,20.829906,20.286957,20.019505
0.106000,201.740005,293.540009,386.640015,573.080017,20.653898,20.574678,19.789446,19.733347
0.103000,243.832306,137.940002,104.629997,774.710022,21.479500,20.559155,20.079256,19.789833
0.219000,307.230011,242.699997,208.320007,1529.030029,20.115015,19.406986,19.005594,18.797390
0.204000,340.640015,293.250000,236.179993,975.979980,21.578449,20.349051,19.741880,19.721024
0.163000,226.960007,180.509995,168.449997,794.440002,20.403997,19.562216,19.092974,18.860878
0.399000,243.832306,229.149994,171.169998,740.340027,20.497900,19.681820,19.373938,18.995937
1.122000,574.979980,727.109985,1232.550049,679.028687,19.550257,18.693754,18.374950,19.721024
0.242000,69.370003,57.740002,64.440002,58.919998,24.166281,20.574678,22.140352,21.637873
1.073033,243.832306,440.619995,332.529999,679.028687,19.991966,18.645008,18.202450,17.929413
0.151000,115.190002,92.540001,97.190002,80.970001,21.751614,20.369495,19.968689,19.630249
0.092000,149.229996,118.339996,84.800003,679.028687,21.768124,20.818497,20.208811,19.906420
0.141000,98.389999,118.580002,134.809998,200.619995,21.145588,20.901089,20.922304,19.721024
0.125000,90.629997,88.919998,78.800003,127.839996,21.960646,20.559269,20.092434,19.721024
0.458000,392.649994,308.910004,308.450012,2213.070068,20.588434,19.738499,20.084599,18.938526
1.073033,85.290001,65.129997,203.819565,47.630001,23.640203,22.237974,21.655508,21.220911
0.437000,719.780029,810.000000,203.819565,2776.429932,20.362669,20.574678,18.796371,18.541594
0.207000,243.832306,106.500000,123.839996,143.880005,21.722006,22.256680,21.703136,21.183437
0.205000,249.929993,230.550003,179.679993,1055.319946,21.722006,19.561974,19.130823,18.892698
0.162000,130.979996,224.751511,203.819565,1209.400024,21.722006,20.150379,19.752966,19.563541
1.073033,243.832306,544.080017,353.359985,294.109985,19.190145,18.191074,17.698767,17.353703
1.556000,116.639999,85.309998,49.430000,52.150002,25.829565,23.441261,22.222523,21.257900
1.073033,229.130005,224.751511,134.460007,679.028687,23.532782,21.833620,20.672646,20.204634
0.153000,213.020004,164.740005,98.540001,679.028687,21.971611,20.186302,19.556028,19.721024
1.073033,277.049988,256.320007,207.000000,1016.750000,20.526392,19.618628,19.197453,18.951593
2.465000,224.080002,147.160004,132.630005,46.380001,22.992842,20.574678,20.173399,19.719288
1.073033,149.869995,108.849998,79.220001,65.330002,24.651936,22.771812,21.513105,20.761820
0.089000,74.129997,54.680000,51.959999,33.630001,21.722006,20.574678,20.199511,20.000916
0.109000,95.449997,95.169998,64.250000,679.028687,21.706604,20.574678,20.390190,20.065973
1.503000,182.960007,224.751511,87.610001,53.580002,23.757000,21.847809,20.627209,20.164236
0.172000,243.832306,224.751511,97.989998,679.028687,23.613850,22.059830,21.414038,20.989435
0.168000,155.089996,123.070000,78.900002,676.340027,21.722006,20.628965,20.168131,19.721024
0.209000,111.650002,105.239998,90.639999,624.489990,20.811081,20.318933,19.985287,19.876453
0.620000,453.420013,447.839996,329.559998,1309.390015,20.957443,19.758602,19.159101,18.788975
0.312000,214.800003,235.889999,184.699997,768.799988,22.419201,21.022291,20.354527,19.862082
1.073033,292.459991,224.751511,204.229996,885.190002,21.279150,20.026638,19.500444,19.078781
1.073033,65.320000,55.529999,203.819565,122.410004,21.722006,21.300617,20.895119,20.628212
0.081000,159.410004,224.751511,85.190002,375.320007,21.634766,20.494432,19.972178,19.603380
0.187000,422.940002,299.049988,314.910004,1969.939941,20.148142,19.241636,18.794312,18.477028
1.283000,107.309998,82.150002,71.150002,64.169998,21.722006,19.870756,20.084599,19.283653
0.523000,230.990005,184.309998,107.250000,96.540001,21.107548,20.574678,20.084599,18.935566
0.122000,189.639999,183.610001,126.279999,662.239990,21.459948,20.287579,19.714619,19.430569
1.073033,178.130005,139.970001,127.339996,1249.060059,21.722006,19.208561,18.905899,18.835215
0.122000,130.949997,121.540001,86.010002,618.250000,20.678169,20.042263,19.672432,19.540443
0.127000,213.169998,135.589996,130.669998,83.610001,23.843647,22.083841,20.084599,20.506569
0.245000,356.100006,341.649994,285.369995,777.309998,21.716963,20.214790,19.541985,19.077429
118.860001,404.359985,366.980011,286.579987,959.020020,19.264738,18.651670,18.285990,18.190615
0.121000,243.832306,93.860001,71.199997,679.028687,22.041431,20.473843,19.863485,19.721024
0.115000,279.429993,324.779999,203.819565,679.028687,19.576618,19.591484,20.084599,19.529579
1.073033,185.779999,123.410004,203.819565,101.730003,24.502491,22.626282,21.491066,20.935368
0.124000,127.410004,126.650002,97.099998,325.920013,21.722006,20.222975,20.084599,19.584097
0.121000,247.490005,168.820007,221.210007,1273.390015,19.696552,19.109579,18.823599,18.646868
0.096000,51.680000,224.751511,60.529999,153.220001,23.615173,22.405180,21.933519,21.529530
0.227000,137.110001,127.010002,185.500000,679.028687,23.818865,22.740099,21.899635,21.205645
0.436000,100.089996,77.870003,96.260002,144.770004,21.722006,21.610622,21.072174,20.723270
0.847000,355.079987,224.751511,178.520004,95.769997,20.705517,19.285404,18.773285,18.472607
0.161000,528.219971,380.989990,298.239990,803.270020,19.210426,20.574678,17.848986,17.621374
0.234000,142.490005,157.960007,214.250000,375.839996,21.722006,20.844358,20.310095,19.953106
0.161000,88.639999,90.959999,132.800003,98.000000,23.839760,22.605745,22.003031,21.584362
0.202000,143.649994,181.979996,253.050003,679.028687,22.028067,20.671202,20.122124,19.841440
0.161000,186.660004,224.751511,162.919998,336.239990,22.217878,20.964712,20.462042,20.068911
0.316000,258.220001,229.800003,166.410004,972.070007,21.076178,20.164732,19.663464,19.429504
1.686000,381.809998,409.019989,347.230011,1948.680054,20.865704,19.845604,19.384392,19.124733
0.097000,50.400002,224.751511,144.479996,204.910004,20.418362,20.313572,20.281651,20.104937
0.099000,91.150002,91.849998,203.819565,99.110001,21.722006,23.645348,22.972233,22.196726
0.260000,61.740002,45.660000,47.860001,60.700001,24.514919,23.081810,20.084599,21.707075
1.073033,325.329987,252.899994,223.339996,1499.430054,19.847139,19.139875,18.813181,18.619011
0.648000,181.419998,139.740005,124.900002,81.839996,24.406864,22.989145,21.843824,21.077717
0.230000,129.300003,136.899994,114.459999,392.239990,22.309357,21.002964,20.518953,19.721024
0.107000,92.449997,67.459999,97.940002,83.029999,22.394346,21.696564,21.196753,20.952265
0.107000,243.832306,200.690002,203.819565,826.719971,21.180880,20.100645,20.084599,19.249836
1.073033,199.880005,198.169998,148.399994,1105.729980,20.918245,20.135176,19.731297,19.721024
1.073033,162.179993,105.930000,56.220001,65.070000,23.514738,21.685301,20.644175,20.191355
0.286000,243.832306,411.230011,203.819565,1347.670044,19.868729,20.574678,18.503813,18.234440
0.202000,243.832306,182.210007,157.830002,457.970001,22.356268,20.861164,20.195570,19.721024
1.073033,81.519997,93.809998,203.819565,151.899994,24.365444,23.525579,22.756338,22.207617
0.117000,79.279999,84.739998,203.819565,679.028687,22.019884,21.073584,20.652617,20.239365
1.073033,302.670013,212.139999,174.630005,95.239998,22.255669,20.574678,19.587353,19.721024
0.113000,96.419998,88.339996,70.519997,192.380005,23.366173,21.941725,21.334835,19.721024
2.421000,407.079987,224.751511,187.559998,129.699997,20.186045,18.841457,18.391918,19.721024
0.341000,167.759995,224.751511,88.190002,76.260002,22.806858,21.032768,20.302841,19.893524
0.215000,105.330002,115.120003,162.380005,284.149994,23.680676,22.438227,21.377327,19.721024
0.213000,190.820007,139.029999,141.559998,64.419998,22.298409,20.569458,19.942516,19.573393
1.073033,41.860001,45.000000,66.370003,67.029999,23.987663,23.428801,22.796387,22.144794
0.147000,180.250000,200.990005,219.589996,679.028687,20.976992,19.884163,19.427202,19.162455
1.073033,110.610001,98.059998,82.739998,65.559998,24.493551,23.371250,22.475599,21.692703
0.099000,58.689999,62.529999,72.199997,159.639999,24.019457,23.375191,22.723011,21.589350
0.096000,74.610001,77.699997,203.819565,227.000000,21.242933,20.464033,20.226065,19.927179
0.571000,3479.080078,3804.870117,4576.740234,7072.819824,21.722006,18.389772,18.025978,17.868402
0.538000,236.710007,192.580002,133.990005,73.709999,21.203810,19.612946,19.105261,18.770670
1.283000,232.589996,150.470001,203.819565,68.480003,23.084879,21.269951,20.258392,19.798992
0.509000,482.290009,354.260010,405.459991,3500.169922,19.331568,18.730539,20.084599,18.178513
0.104000,77.099998,67.550003,46.759998,317.149994,21.290285,20.640524,20.296700,19.721024
0.112000,109.400002,81.459999,108.279999,117.730003,24.316187,22.537434,21.745071,21.190502
0.106000,158.880005,139.990005,203.819565,296.899994,20.917526,19.951370,20.084599,19.246017
0.077000,243.832306,58.610001,41.939999,218.520004,21.758549,21.107306,20.690376,19.721024
1.073033,86.879997,91.080002,89.330002,371.820007,22.655926,20.574678,20.084599,20.532642
0.166000,243.832306,224.751511,203.819565,679.028687,20.749046,19.932056,19.592730,19.291958
0.108000,132.250000,95.860001,203.819565,679.028687,24.910654,23.132414,21.889864,21.363649
0.080000,243.832306,125.400002,109.000000,679.028687,22.758308,20.574678,20.631237,20.265451
0.138000,135.960007,97.180000,102.279999,114.260002,21.722006,21.181412,20.615231,20.233006
0.221000,452.380005,395.640015,203.819565,901.359985,19.845461,18.801153,20.084599,18.055885
0.088000,243.832306,224.751511,97.809998,468.179993,22.111540,21.123623,20.084599,20.255562
1.073033,157.750000,108.389999,102.400002,679.028687,22.328669,21.122219,20.451286,19.721024
0.103000,437.279999,346.989990,293.640015,679.028687,20.018276,19.110722,18.691500,18.445257
0.119000,100.800003,224.751511,80.830002,66.510002,23.123819,21.733097,21.148117,20.776102
1.073033,343.079987,264.100006,203.819565,105.169998,20.425577,19.103796,18.658882,18.354029
0.220000,206.210007,215.380005,203.819565,567.840027,21.620945,20.574678,19.811617,19.452208
0.127000,90.330002,224.751511,48.910000,58.660000,25.498251,24.117746,22.846819,22.177406
0.206000,362.279999,279.589996,243.860001,1436.280029,21.041002,20.011190,19.478180,19.108145
0.166000,71.419998,78.300003,71.540001,129.529999,25.030704,20.574678,23.279646,19.721024
3.116000,147.550003,181.759995,226.550003,261.579987,20.246634,19.938734,20.045818,20.189304
1.073033,127.540001,224.751511,336.640015,2278.419922,20.603243,20.272259,20.084599,19.932924
0.391000,243.832306,251.190002,202.759995,1201.300049,21.548664,20.432234,19.835995,19.433935
4.466000,2570.090088,1745.359985,1602.390015,1802.589966,18.148655,17.290554,16.971586,16.754227
0.207000,236.210007,225.520004,157.070007,513.679993,21.033327,19.921751,20.084599,19.126877
0.192000,124.820000,139.300003,99.410004,679.028687,20.738609,19.992786,20.084599,19.438698
0.250000,358.989990,339.230011,369.019989,1011.219971,21.074427,19.769949,19.164591,18.796978
0.132000,112.099998,126.680000,72.839996,400.519989,21.297855,20.574678,20.034727,19.663067
1.073033,243.832306,224.751511,203.819565,269.890015,24.194889,23.833534,23.677015,23.394373
0.154000,144.940002,155.619995,168.779999,287.709991,23.425184,22.298262,21.355644,20.832947
1.073033,86.230003,84.910004,203.819565,249.729996,22.514730,20.574678,20.732342,20.320513
1.073033,195.910004,193.169998,143.279999,388.100006,21.722006,20.494059,20.084599,19.589464
0.101000,243.832306,132.410004,154.229996,810.030029,21.722006,19.256418,19.091282,18.960630
0.169000,280.880005,214.399994,195.699997,1357.560059,20.596058,19.755419,19.277330,19.003296
1.073033,236.960007,202.789993,157.630005,654.640015,21.488958,20.267832,19.741434,19.361055
0.165000,93.839996,99.370003,59.320000,679.028687,21.604435,20.709961,20.419386,20.052483
0.131000,121.269997,109.540001,74.760002,702.929993,21.597542,20.704254,20.200249,19.982132
0.159000,243.832306,224.751511,96.889999,74.309998,23.051062,22.089010,21.498280,21.192661
0.414000,275.850006,381.839996,527.570007,1436.000000,20.551142,20.574678,19.326960,19.166040
1.073033,1056.229980,646.030029,203.819565,607.140015,18.269217,17.481201,17.145063,16.905659
0.396000,1150.569946,760.390015,775.780029,2490.100098,18.593582,17.690598,17.324270,17.029554
0.104000,110.360001,224.751511,203.819565,93.290001,22.380056,20.574678,20.730228,19.721024
1.073033,248.539993,160.490005,154.839996,97.419998,21.722006,20.948843,20.084599,19.576689
0.125000,129.119995,224.751511,81.510002,630.369995,21.722006,20.303574,19.817961,19.658947
0.258000,305.010010,253.070007,222.600006,1602.910034,20.406300,19.524542,20.084599,18.799282
0.243000,289.779999,256.230011,229.080002,679.028687,21.110918,19.862993,19.365379,19.010111
0.156000,235.649994,221.940002,175.570007,1039.699951,20.266029,19.454548,19.018213,18.804579
0.131000,139.279999,120.129997,122.309998,157.399994,22.940578,21.875364,20.084599,19.721024
0.104000,288.290009,224.751511,146.410004,166.050003,21.893549,20.159437,19.551317,19.073387
0.784000,243.832306,87.720001,116.349998,242.770004,25.033073,20.574678,22.008997,21.478521
2.095000,425.609985,331.299988,215.610001,165.940002,20.310627,18.904531,18.473284,18.142479
0.408000,907.869995,593.280029,651.070007,1923.859985,18.654242,17.805651,17.472717,17.192410
0.360000,127.349998,176.070007,323.959991,893.969971,23.488739,20.574678,21.552107,19.721024
1.073033,339.079987,224.751511,190.589996,127.790001,21.653774,19.802723,20.084599,18.874033
0.116000,243.832306,65.000000,87.290001,65.040001,23.269548,20.574678,21.452703,19.721024
0.531000,161.940002,198.690002,199.580002,711.080017,21.003340,20.195051,20.042377,19.721024
